14:12:44 **** Build of configuration Debug for project Lab3 ****
make -j16 all 
arm-none-eabi-gcc "../Drivers/STM32F7xx_HAL_Driver/Src/stm32f7xx_hal.c" -mcpu=cortex-m7 -std=gnu11 -g3 -DDEBUG -DUSE_HAL_DRIVER -DSTM32F767xx -c -I../Core/Inc -I../Drivers/STM32F7xx_HAL_Driver/Inc -I../Drivers/STM32F7xx_HAL_Driver/Inc/Legacy -I../Drivers/CMSIS/Device/ST/STM32F7xx/Include -I../Drivers/CMSIS/Include -O0 -ffunction-sections -fdata-sections -Wall -fstack-usage -fcyclomatic-complexity -MMD -MP -MF"Drivers/STM32F7xx_HAL_Driver/Src/stm32f7xx_hal.d" -MT"Drivers/STM32F7xx_HAL_Driver/Src/stm32f7xx_hal.o" --specs=nano.specs -mfpu=fpv5-d16 -mfloat-abi=hard -mthumb -o "Drivers/STM32F7xx_HAL_Driver/Src/stm32f7xx_hal.o"
arm-none-eabi-gcc "../Drivers/STM32F7xx_HAL_Driver/Src/stm32f7xx_hal_cortex.c" -mcpu=cortex-m7 -std=gnu11 -g3 -DDEBUG -DUSE_HAL_DRIVER -DSTM32F767xx -c -I../Core/Inc -I../Drivers/STM32F7xx_HAL_Driver/Inc -I../Drivers/STM32F7xx_HAL_Driver/Inc/Legacy -I../Drivers/CMSIS/Device/ST/STM32F7xx/Include -I../Drivers/CMSIS/Include -O0 -ffunction-sections -fdata-sections -Wall -fstack-usage -fcyclomatic-complexity -MMD -MP -MF"Drivers/STM32F7xx_HAL_Driver/Src/stm32f7xx_hal_cortex.d" -MT"Drivers/STM32F7xx_HAL_Driver/Src/stm32f7xx_hal_cortex.o" --specs=nano.specs -mfpu=fpv5-d16 -mfloat-abi=hard -mthumb -o "Drivers/STM32F7xx_HAL_Driver/Src/stm32f7xx_hal_cortex.o"
arm-none-eabi-gcc "../Drivers/STM32F7xx_HAL_Driver/Src/stm32f7xx_hal_dma.c" -mcpu=cortex-m7 -std=gnu11 -g3 -DDEBUG -DUSE_HAL_DRIVER -DSTM32F767xx -c -I../Core/Inc -I../Drivers/STM32F7xx_HAL_Driver/Inc -I../Drivers/STM32F7xx_HAL_Driver/Inc/Legacy -I../Drivers/CMSIS/Device/ST/STM32F7xx/Include -I../Drivers/CMSIS/Include -O0 -ffunction-sections -fdata-sections -Wall -fstack-usage -fcyclomatic-complexity -MMD -MP -MF"Drivers/STM32F7xx_HAL_Driver/Src/stm32f7xx_hal_dma.d" -MT"Drivers/STM32F7xx_HAL_Driver/Src/stm32f7xx_hal_dma.o" --specs=nano.specs -mfpu=fpv5-d16 -mfloat-abi=hard -mthumb -o "Drivers/STM32F7xx_HAL_Driver/Src/stm32f7xx_hal_dma.o"
arm-none-eabi-gcc "../Drivers/STM32F7xx_HAL_Driver/Src/stm32f7xx_hal_dma_ex.c" -mcpu=cortex-m7 -std=gnu11 -g3 -DDEBUG -DUSE_HAL_DRIVER -DSTM32F767xx -c -I../Core/Inc -I../Drivers/STM32F7xx_HAL_Driver/Inc -I../Drivers/STM32F7xx_HAL_Driver/Inc/Legacy -I../Drivers/CMSIS/Device/ST/STM32F7xx/Include -I../Drivers/CMSIS/Include -O0 -ffunction-sections -fdata-sections -Wall -fstack-usage -fcyclomatic-complexity -MMD -MP -MF"Drivers/STM32F7xx_HAL_Driver/Src/stm32f7xx_hal_dma_ex.d" -MT"Drivers/STM32F7xx_HAL_Driver/Src/stm32f7xx_hal_dma_ex.o" --specs=nano.specs -mfpu=fpv5-d16 -mfloat-abi=hard -mthumb -o "Drivers/STM32F7xx_HAL_Driver/Src/stm32f7xx_hal_dma_ex.o"
arm-none-eabi-gcc "../Drivers/STM32F7xx_HAL_Driver/Src/stm32f7xx_hal_exti.c" -mcpu=cortex-m7 -std=gnu11 -g3 -DDEBUG -DUSE_HAL_DRIVER -DSTM32F767xx -c -I../Core/Inc -I../Drivers/STM32F7xx_HAL_Driver/Inc -I../Drivers/STM32F7xx_HAL_Driver/Inc/Legacy -I../Drivers/CMSIS/Device/ST/STM32F7xx/Include -I../Drivers/CMSIS/Include -O0 -ffunction-sections -fdata-sections -Wall -fstack-usage -fcyclomatic-complexity -MMD -MP -MF"Drivers/STM32F7xx_HAL_Driver/Src/stm32f7xx_hal_exti.d" -MT"Drivers/STM32F7xx_HAL_Driver/Src/stm32f7xx_hal_exti.o" --specs=nano.specs -mfpu=fpv5-d16 -mfloat-abi=hard -mthumb -o "Drivers/STM32F7xx_HAL_Driver/Src/stm32f7xx_hal_exti.o"
arm-none-eabi-gcc "../Drivers/STM32F7xx_HAL_Driver/Src/stm32f7xx_hal_flash.c" -mcpu=cortex-m7 -std=gnu11 -g3 -DDEBUG -DUSE_HAL_DRIVER -DSTM32F767xx -c -I../Core/Inc -I../Drivers/STM32F7xx_HAL_Driver/Inc -I../Drivers/STM32F7xx_HAL_Driver/Inc/Legacy -I../Drivers/CMSIS/Device/ST/STM32F7xx/Include -I../Drivers/CMSIS/Include -O0 -ffunction-sections -fdata-sections -Wall -fstack-usage -fcyclomatic-complexity -MMD -MP -MF"Drivers/STM32F7xx_HAL_Driver/Src/stm32f7xx_hal_flash.d" -MT"Drivers/STM32F7xx_HAL_Driver/Src/stm32f7xx_hal_flash.o" --specs=nano.specs -mfpu=fpv5-d16 -mfloat-abi=hard -mthumb -o "Drivers/STM32F7xx_HAL_Driver/Src/stm32f7xx_hal_flash.o"
arm-none-eabi-gcc "../Drivers/STM32F7xx_HAL_Driver/Src/stm32f7xx_hal_flash_ex.c" -mcpu=cortex-m7 -std=gnu11 -g3 -DDEBUG -DUSE_HAL_DRIVER -DSTM32F767xx -c -I../Core/Inc -I../Drivers/STM32F7xx_HAL_Driver/Inc -I../Drivers/STM32F7xx_HAL_Driver/Inc/Legacy -I../Drivers/CMSIS/Device/ST/STM32F7xx/Include -I../Drivers/CMSIS/Include -O0 -ffunction-sections -fdata-sections -Wall -fstack-usage -fcyclomatic-complexity -MMD -MP -MF"Drivers/STM32F7xx_HAL_Driver/Src/stm32f7xx_hal_flash_ex.d" -MT"Drivers/STM32F7xx_HAL_Driver/Src/stm32f7xx_hal_flash_ex.o" --specs=nano.specs -mfpu=fpv5-d16 -mfloat-abi=hard -mthumb -o "Drivers/STM32F7xx_HAL_Driver/Src/stm32f7xx_hal_flash_ex.o"
arm-none-eabi-gcc "../Drivers/STM32F7xx_HAL_Driver/Src/stm32f7xx_hal_gpio.c" -mcpu=cortex-m7 -std=gnu11 -g3 -DDEBUG -DUSE_HAL_DRIVER -DSTM32F767xx -c -I../Core/Inc -I../Drivers/STM32F7xx_HAL_Driver/Inc -I../Drivers/STM32F7xx_HAL_Driver/Inc/Legacy -I../Drivers/CMSIS/Device/ST/STM32F7xx/Include -I../Drivers/CMSIS/Include -O0 -ffunction-sections -fdata-sections -Wall -fstack-usage -fcyclomatic-complexity -MMD -MP -MF"Drivers/STM32F7xx_HAL_Driver/Src/stm32f7xx_hal_gpio.d" -MT"Drivers/STM32F7xx_HAL_Driver/Src/stm32f7xx_hal_gpio.o" --specs=nano.specs -mfpu=fpv5-d16 -mfloat-abi=hard -mthumb -o "Drivers/STM32F7xx_HAL_Driver/Src/stm32f7xx_hal_gpio.o"
arm-none-eabi-gcc "../Drivers/STM32F7xx_HAL_Driver/Src/stm32f7xx_hal_i2c.c" -mcpu=cortex-m7 -std=gnu11 -g3 -DDEBUG -DUSE_HAL_DRIVER -DSTM32F767xx -c -I../Core/Inc -I../Drivers/STM32F7xx_HAL_Driver/Inc -I../Drivers/STM32F7xx_HAL_Driver/Inc/Legacy -I../Drivers/CMSIS/Device/ST/STM32F7xx/Include -I../Drivers/CMSIS/Include -O0 -ffunction-sections -fdata-sections -Wall -fstack-usage -fcyclomatic-complexity -MMD -MP -MF"Drivers/STM32F7xx_HAL_Driver/Src/stm32f7xx_hal_i2c.d" -MT"Drivers/STM32F7xx_HAL_Driver/Src/stm32f7xx_hal_i2c.o" --specs=nano.specs -mfpu=fpv5-d16 -mfloat-abi=hard -mthumb -o "Drivers/STM32F7xx_HAL_Driver/Src/stm32f7xx_hal_i2c.o"
arm-none-eabi-gcc "../Drivers/STM32F7xx_HAL_Driver/Src/stm32f7xx_hal_i2c_ex.c" -mcpu=cortex-m7 -std=gnu11 -g3 -DDEBUG -DUSE_HAL_DRIVER -DSTM32F767xx -c -I../Core/Inc -I../Drivers/STM32F7xx_HAL_Driver/Inc -I../Drivers/STM32F7xx_HAL_Driver/Inc/Legacy -I../Drivers/CMSIS/Device/ST/STM32F7xx/Include -I../Drivers/CMSIS/Include -O0 -ffunction-sections -fdata-sections -Wall -fstack-usage -fcyclomatic-complexity -MMD -MP -MF"Drivers/STM32F7xx_HAL_Driver/Src/stm32f7xx_hal_i2c_ex.d" -MT"Drivers/STM32F7xx_HAL_Driver/Src/stm32f7xx_hal_i2c_ex.o" --specs=nano.specs -mfpu=fpv5-d16 -mfloat-abi=hard -mthumb -o "Drivers/STM32F7xx_HAL_Driver/Src/stm32f7xx_hal_i2c_ex.o"
arm-none-eabi-gcc "../Drivers/STM32F7xx_HAL_Driver/Src/stm32f7xx_hal_pwr.c" -mcpu=cortex-m7 -std=gnu11 -g3 -DDEBUG -DUSE_HAL_DRIVER -DSTM32F767xx -c -I../Core/Inc -I../Drivers/STM32F7xx_HAL_Driver/Inc -I../Drivers/STM32F7xx_HAL_Driver/Inc/Legacy -I../Drivers/CMSIS/Device/ST/STM32F7xx/Include -I../Drivers/CMSIS/Include -O0 -ffunction-sections -fdata-sections -Wall -fstack-usage -fcyclomatic-complexity -MMD -MP -MF"Drivers/STM32F7xx_HAL_Driver/Src/stm32f7xx_hal_pwr.d" -MT"Drivers/STM32F7xx_HAL_Driver/Src/stm32f7xx_hal_pwr.o" --specs=nano.specs -mfpu=fpv5-d16 -mfloat-abi=hard -mthumb -o "Drivers/STM32F7xx_HAL_Driver/Src/stm32f7xx_hal_pwr.o"
arm-none-eabi-gcc "../Drivers/STM32F7xx_HAL_Driver/Src/stm32f7xx_hal_pwr_ex.c" -mcpu=cortex-m7 -std=gnu11 -g3 -DDEBUG -DUSE_HAL_DRIVER -DSTM32F767xx -c -I../Core/Inc -I../Drivers/STM32F7xx_HAL_Driver/Inc -I../Drivers/STM32F7xx_HAL_Driver/Inc/Legacy -I../Drivers/CMSIS/Device/ST/STM32F7xx/Include -I../Drivers/CMSIS/Include -O0 -ffunction-sections -fdata-sections -Wall -fstack-usage -fcyclomatic-complexity -MMD -MP -MF"Drivers/STM32F7xx_HAL_Driver/Src/stm32f7xx_hal_pwr_ex.d" -MT"Drivers/STM32F7xx_HAL_Driver/Src/stm32f7xx_hal_pwr_ex.o" --specs=nano.specs -mfpu=fpv5-d16 -mfloat-abi=hard -mthumb -o "Drivers/STM32F7xx_HAL_Driver/Src/stm32f7xx_hal_pwr_ex.o"
arm-none-eabi-gcc "../Drivers/STM32F7xx_HAL_Driver/Src/stm32f7xx_hal_rcc.c" -mcpu=cortex-m7 -std=gnu11 -g3 -DDEBUG -DUSE_HAL_DRIVER -DSTM32F767xx -c -I../Core/Inc -I../Drivers/STM32F7xx_HAL_Driver/Inc -I../Drivers/STM32F7xx_HAL_Driver/Inc/Legacy -I../Drivers/CMSIS/Device/ST/STM32F7xx/Include -I../Drivers/CMSIS/Include -O0 -ffunction-sections -fdata-sections -Wall -fstack-usage -fcyclomatic-complexity -MMD -MP -MF"Drivers/STM32F7xx_HAL_Driver/Src/stm32f7xx_hal_rcc.d" -MT"Drivers/STM32F7xx_HAL_Driver/Src/stm32f7xx_hal_rcc.o" --specs=nano.specs -mfpu=fpv5-d16 -mfloat-abi=hard -mthumb -o "Drivers/STM32F7xx_HAL_Driver/Src/stm32f7xx_hal_rcc.o"
arm-none-eabi-gcc "../Drivers/STM32F7xx_HAL_Driver/Src/stm32f7xx_hal_rcc_ex.c" -mcpu=cortex-m7 -std=gnu11 -g3 -DDEBUG -DUSE_HAL_DRIVER -DSTM32F767xx -c -I../Core/Inc -I../Drivers/STM32F7xx_HAL_Driver/Inc -I../Drivers/STM32F7xx_HAL_Driver/Inc/Legacy -I../Drivers/CMSIS/Device/ST/STM32F7xx/Include -I../Drivers/CMSIS/Include -O0 -ffunction-sections -fdata-sections -Wall -fstack-usage -fcyclomatic-complexity -MMD -MP -MF"Drivers/STM32F7xx_HAL_Driver/Src/stm32f7xx_hal_rcc_ex.d" -MT"Drivers/STM32F7xx_HAL_Driver/Src/stm32f7xx_hal_rcc_ex.o" --specs=nano.specs -mfpu=fpv5-d16 -mfloat-abi=hard -mthumb -o "Drivers/STM32F7xx_HAL_Driver/Src/stm32f7xx_hal_rcc_ex.o"
arm-none-eabi-gcc "../Drivers/STM32F7xx_HAL_Driver/Src/stm32f7xx_hal_uart.c" -mcpu=cortex-m7 -std=gnu11 -g3 -DDEBUG -DUSE_HAL_DRIVER -DSTM32F767xx -c -I../Core/Inc -I../Drivers/STM32F7xx_HAL_Driver/Inc -I../Drivers/STM32F7xx_HAL_Driver/Inc/Legacy -I../Drivers/CMSIS/Device/ST/STM32F7xx/Include -I../Drivers/CMSIS/Include -O0 -ffunction-sections -fdata-sections -Wall -fstack-usage -fcyclomatic-complexity -MMD -MP -MF"Drivers/STM32F7xx_HAL_Driver/Src/stm32f7xx_hal_uart.d" -MT"Drivers/STM32F7xx_HAL_Driver/Src/stm32f7xx_hal_uart.o" --specs=nano.specs -mfpu=fpv5-d16 -mfloat-abi=hard -mthumb -o "Drivers/STM32F7xx_HAL_Driver/Src/stm32f7xx_hal_uart.o"
arm-none-eabi-gcc "../Drivers/STM32F7xx_HAL_Driver/Src/stm32f7xx_hal_uart_ex.c" -mcpu=cortex-m7 -std=gnu11 -g3 -DDEBUG -DUSE_HAL_DRIVER -DSTM32F767xx -c -I../Core/Inc -I../Drivers/STM32F7xx_HAL_Driver/Inc -I../Drivers/STM32F7xx_HAL_Driver/Inc/Legacy -I../Drivers/CMSIS/Device/ST/STM32F7xx/Include -I../Drivers/CMSIS/Include -O0 -ffunction-sections -fdata-sections -Wall -fstack-usage -fcyclomatic-complexity -MMD -MP -MF"Drivers/STM32F7xx_HAL_Driver/Src/stm32f7xx_hal_uart_ex.d" -MT"Drivers/STM32F7xx_HAL_Driver/Src/stm32f7xx_hal_uart_ex.o" --specs=nano.specs -mfpu=fpv5-d16 -mfloat-abi=hard -mthumb -o "Drivers/STM32F7xx_HAL_Driver/Src/stm32f7xx_hal_uart_ex.o"
arm-none-eabi-gcc -mcpu=cortex-m7 -g3 -DDEBUG -c -x assembler-with-cpp -MMD -MP -MF"Core/Startup/startup_stm32f767zitx.d" -MT"Core/Startup/startup_stm32f767zitx.o" --specs=nano.specs -mfpu=fpv5-d16 -mfloat-abi=hard -mthumb -o "Core/Startup/startup_stm32f767zitx.o" "../Core/Startup/startup_stm32f767zitx.s"
arm-none-eabi-gcc "../Core/Src/gpio.c" -mcpu=cortex-m7 -std=gnu11 -g3 -DDEBUG -DUSE_HAL_DRIVER -DSTM32F767xx -c -I../Core/Inc -I../Drivers/STM32F7xx_HAL_Driver/Inc -I../Drivers/STM32F7xx_HAL_Driver/Inc/Legacy -I../Drivers/CMSIS/Device/ST/STM32F7xx/Include -I../Drivers/CMSIS/Include -O0 -ffunction-sections -fdata-sections -Wall -fstack-usage -fcyclomatic-complexity -MMD -MP -MF"Core/Src/gpio.d" -MT"Core/Src/gpio.o" --specs=nano.specs -mfpu=fpv5-d16 -mfloat-abi=hard -mthumb -o "Core/Src/gpio.o"
arm-none-eabi-gcc "../Core/Src/main.c" -mcpu=cortex-m7 -std=gnu11 -g3 -DDEBUG -DUSE_HAL_DRIVER -DSTM32F767xx -c -I../Core/Inc -I../Drivers/STM32F7xx_HAL_Driver/Inc -I../Drivers/STM32F7xx_HAL_Driver/Inc/Legacy -I../Drivers/CMSIS/Device/ST/STM32F7xx/Include -I../Drivers/CMSIS/Include -O0 -ffunction-sections -fdata-sections -Wall -fstack-usage -fcyclomatic-complexity -MMD -MP -MF"Core/Src/main.d" -MT"Core/Src/main.o" --specs=nano.specs -mfpu=fpv5-d16 -mfloat-abi=hard -mthumb -o "Core/Src/main.o"
arm-none-eabi-gcc "../Core/Src/stm32f7xx_hal_msp.c" -mcpu=cortex-m7 -std=gnu11 -g3 -DDEBUG -DUSE_HAL_DRIVER -DSTM32F767xx -c -I../Core/Inc -I../Drivers/STM32F7xx_HAL_Driver/Inc -I../Drivers/STM32F7xx_HAL_Driver/Inc/Legacy -I../Drivers/CMSIS/Device/ST/STM32F7xx/Include -I../Drivers/CMSIS/Include -O0 -ffunction-sections -fdata-sections -Wall -fstack-usage -fcyclomatic-complexity -MMD -MP -MF"Core/Src/stm32f7xx_hal_msp.d" -MT"Core/Src/stm32f7xx_hal_msp.o" --specs=nano.specs -mfpu=fpv5-d16 -mfloat-abi=hard -mthumb -o "Core/Src/stm32f7xx_hal_msp.o"
arm-none-eabi-gcc "../Core/Src/stm32f7xx_it.c" -mcpu=cortex-m7 -std=gnu11 -g3 -DDEBUG -DUSE_HAL_DRIVER -DSTM32F767xx -c -I../Core/Inc -I../Drivers/STM32F7xx_HAL_Driver/Inc -I../Drivers/STM32F7xx_HAL_Driver/Inc/Legacy -I../Drivers/CMSIS/Device/ST/STM32F7xx/Include -I../Drivers/CMSIS/Include -O0 -ffunction-sections -fdata-sections -Wall -fstack-usage -fcyclomatic-complexity -MMD -MP -MF"Core/Src/stm32f7xx_it.d" -MT"Core/Src/stm32f7xx_it.o" --specs=nano.specs -mfpu=fpv5-d16 -mfloat-abi=hard -mthumb -o "Core/Src/stm32f7xx_it.o"
arm-none-eabi-gcc "../Core/Src/syscalls.c" -mcpu=cortex-m7 -std=gnu11 -g3 -DDEBUG -DUSE_HAL_DRIVER -DSTM32F767xx -c -I../Core/Inc -I../Drivers/STM32F7xx_HAL_Driver/Inc -I../Drivers/STM32F7xx_HAL_Driver/Inc/Legacy -I../Drivers/CMSIS/Device/ST/STM32F7xx/Include -I../Drivers/CMSIS/Include -O0 -ffunction-sections -fdata-sections -Wall -fstack-usage -fcyclomatic-complexity -MMD -MP -MF"Core/Src/syscalls.d" -MT"Core/Src/syscalls.o" --specs=nano.specs -mfpu=fpv5-d16 -mfloat-abi=hard -mthumb -o "Core/Src/syscalls.o"
arm-none-eabi-gcc "../Core/Src/sysmem.c" -mcpu=cortex-m7 -std=gnu11 -g3 -DDEBUG -DUSE_HAL_DRIVER -DSTM32F767xx -c -I../Core/Inc -I../Drivers/STM32F7xx_HAL_Driver/Inc -I../Drivers/STM32F7xx_HAL_Driver/Inc/Legacy -I../Drivers/CMSIS/Device/ST/STM32F7xx/Include -I../Drivers/CMSIS/Include -O0 -ffunction-sections -fdata-sections -Wall -fstack-usage -fcyclomatic-complexity -MMD -MP -MF"Core/Src/sysmem.d" -MT"Core/Src/sysmem.o" --specs=nano.specs -mfpu=fpv5-d16 -mfloat-abi=hard -mthumb -o "Core/Src/sysmem.o"
arm-none-eabi-gcc "../Core/Src/system_stm32f7xx.c" -mcpu=cortex-m7 -std=gnu11 -g3 -DDEBUG -DUSE_HAL_DRIVER -DSTM32F767xx -c -I../Core/Inc -I../Drivers/STM32F7xx_HAL_Driver/Inc -I../Drivers/STM32F7xx_HAL_Driver/Inc/Legacy -I../Drivers/CMSIS/Device/ST/STM32F7xx/Include -I../Drivers/CMSIS/Include -O0 -ffunction-sections -fdata-sections -Wall -fstack-usage -fcyclomatic-complexity -MMD -MP -MF"Core/Src/system_stm32f7xx.d" -MT"Core/Src/system_stm32f7xx.o" --specs=nano.specs -mfpu=fpv5-d16 -mfloat-abi=hard -mthumb -o "Core/Src/system_stm32f7xx.o"
../Core/Src/main.c: In function 'main':
../Core/Src/main.c:105:38: warning: cast from pointer to integer of different size [-Wpointer-to-int-cast]
  105 |           HAL_UART_Transmit(&huart3, (uint8_t)str, strlen(str), 1000);
      |                                      ^
../Core/Src/main.c:105:52: error: implicit declaration of function 'strlen' [-Wimplicit-function-declaration]
  105 |           HAL_UART_Transmit(&huart3, (uint8_t)str, strlen(str), 1000);
      |                                                    ^~~~~~
../Core/Src/main.c:23:1: note: include '<string.h>' or provide a declaration of 'strlen'
   22 | #include "gpio.h"
  +++ |+#include <string.h>
   23 | 
../Core/Src/main.c:105:52: warning: incompatible implicit declaration of built-in function 'strlen' [-Wbuiltin-declaration-mismatch]
  105 |           HAL_UART_Transmit(&huart3, (uint8_t)str, strlen(str), 1000);
      |                                                    ^~~~~~
../Core/Src/main.c:105:52: note: include '<string.h>' or provide a declaration of 'strlen'
../Core/Src/main.c:105:38: error: passing argument 2 of 'HAL_UART_Transmit' makes pointer from integer without a cast [-Wint-conversion]
  105 |           HAL_UART_Transmit(&huart3, (uint8_t)str, strlen(str), 1000);
      |                                      ^~~~~~~~~~~~
      |                                      |
      |                                      unsigned char
In file included from ../Core/Inc/stm32f7xx_hal_conf.h:415,
                 from ../Drivers/STM32F7xx_HAL_Driver/Inc/stm32f7xx_hal.h:29,
                 from ../Core/Inc/main.h:30,
                 from ../Core/Src/main.c:20:
../Drivers/STM32F7xx_HAL_Driver/Inc/stm32f7xx_hal_uart.h:1557:79: note: expected 'const uint8_t *' {aka 'const unsigned char *'} but argument is of type 'unsigned char'
 1557 | HAL_StatusTypeDef HAL_UART_Transmit(UART_HandleTypeDef *huart, const uint8_t *pData, uint16_t Size, uint32_t Timeout);
      |                                                                ~~~~~~~~~~~~~~~^~~~~
make: *** [Core/Src/subdir.mk:40: Core/Src/main.o] Error 1
make: *** Waiting for unfinished jobs....
"make -j16 all" terminated with exit code 2. Build might be incomplete.
14:13:57 **** Incremental Build of configuration Debug for project Lab3 ****
make -j16 all 
arm-none-eabi-gcc "../Core/Src/main.c" -mcpu=cortex-m7 -std=gnu11 -g3 -DDEBUG -DUSE_HAL_DRIVER -DSTM32F767xx -c -I../Core/Inc -I../Drivers/STM32F7xx_HAL_Driver/Inc -I../Drivers/STM32F7xx_HAL_Driver/Inc/Legacy -I../Drivers/CMSIS/Device/ST/STM32F7xx/Include -I../Drivers/CMSIS/Include -O0 -ffunction-sections -fdata-sections -Wall -fstack-usage -fcyclomatic-complexity -MMD -MP -MF"Core/Src/main.d" -MT"Core/Src/main.o" --specs=nano.specs -mfpu=fpv5-d16 -mfloat-abi=hard -mthumb -o "Core/Src/main.o"
arm-none-eabi-gcc "../Core/Src/usart.c" -mcpu=cortex-m7 -std=gnu11 -g3 -DDEBUG -DUSE_HAL_DRIVER -DSTM32F767xx -c -I../Core/Inc -I../Drivers/STM32F7xx_HAL_Driver/Inc -I../Drivers/STM32F7xx_HAL_Driver/Inc/Legacy -I../Drivers/CMSIS/Device/ST/STM32F7xx/Include -I../Drivers/CMSIS/Include -O0 -ffunction-sections -fdata-sections -Wall -fstack-usage -fcyclomatic-complexity -MMD -MP -MF"Core/Src/usart.d" -MT"Core/Src/usart.o" --specs=nano.specs -mfpu=fpv5-d16 -mfloat-abi=hard -mthumb -o "Core/Src/usart.o"
../Core/Src/main.c: In function 'main':
../Core/Src/main.c:106:38: warning: cast from pointer to integer of different size [-Wpointer-to-int-cast]
  106 |           HAL_UART_Transmit(&huart3, (uint8_t)str, strlen(str), 1000);
      |                                      ^
../Core/Src/main.c:106:38: error: passing argument 2 of 'HAL_UART_Transmit' makes pointer from integer without a cast [-Wint-conversion]
  106 |           HAL_UART_Transmit(&huart3, (uint8_t)str, strlen(str), 1000);
      |                                      ^~~~~~~~~~~~
      |                                      |
      |                                      unsigned char
In file included from ../Core/Inc/stm32f7xx_hal_conf.h:415,
                 from ../Drivers/STM32F7xx_HAL_Driver/Inc/stm32f7xx_hal.h:29,
                 from ../Core/Inc/main.h:30,
                 from ../Core/Src/main.c:20:
../Drivers/STM32F7xx_HAL_Driver/Inc/stm32f7xx_hal_uart.h:1557:79: note: expected 'const uint8_t *' {aka 'const unsigned char *'} but argument is of type 'unsigned char'
 1557 | HAL_StatusTypeDef HAL_UART_Transmit(UART_HandleTypeDef *huart, const uint8_t *pData, uint16_t Size, uint32_t Timeout);
      |                                                                ~~~~~~~~~~~~~~~^~~~~
make: *** [Core/Src/subdir.mk:40: Core/Src/main.o] Error 1
make: *** Waiting for unfinished jobs....
"make -j16 all" terminated with exit code 2. Build might be incomplete.
14:14:01 **** Incremental Build of configuration Debug for project Lab3 ****
make -j16 all 
arm-none-eabi-gcc "../Core/Src/main.c" -mcpu=cortex-m7 -std=gnu11 -g3 -DDEBUG -DUSE_HAL_DRIVER -DSTM32F767xx -c -I../Core/Inc -I../Drivers/STM32F7xx_HAL_Driver/Inc -I../Drivers/STM32F7xx_HAL_Driver/Inc/Legacy -I../Drivers/CMSIS/Device/ST/STM32F7xx/Include -I../Drivers/CMSIS/Include -O0 -ffunction-sections -fdata-sections -Wall -fstack-usage -fcyclomatic-complexity -MMD -MP -MF"Core/Src/main.d" -MT"Core/Src/main.o" --specs=nano.specs -mfpu=fpv5-d16 -mfloat-abi=hard -mthumb -o "Core/Src/main.o"
../Core/Src/main.c: In function 'main':
../Core/Src/main.c:106:38: warning: cast from pointer to integer of different size [-Wpointer-to-int-cast]
  106 |           HAL_UART_Transmit(&huart3, (uint8_t)str, strlen(str), 1000);
      |                                      ^
../Core/Src/main.c:106:38: error: passing argument 2 of 'HAL_UART_Transmit' makes pointer from integer without a cast [-Wint-conversion]
  106 |           HAL_UART_Transmit(&huart3, (uint8_t)str, strlen(str), 1000);
      |                                      ^~~~~~~~~~~~
      |                                      |
      |                                      unsigned char
In file included from ../Core/Inc/stm32f7xx_hal_conf.h:415,
                 from ../Drivers/STM32F7xx_HAL_Driver/Inc/stm32f7xx_hal.h:29,
                 from ../Core/Inc/main.h:30,
                 from ../Core/Src/main.c:20:
../Drivers/STM32F7xx_HAL_Driver/Inc/stm32f7xx_hal_uart.h:1557:79: note: expected 'const uint8_t *' {aka 'const unsigned char *'} but argument is of type 'unsigned char'
 1557 | HAL_StatusTypeDef HAL_UART_Transmit(UART_HandleTypeDef *huart, const uint8_t *pData, uint16_t Size, uint32_t Timeout);
      |                                                                ~~~~~~~~~~~~~~~^~~~~
make: *** [Core/Src/subdir.mk:40: Core/Src/main.o] Error 1
"make -j16 all" terminated with exit code 2. Build might be incomplete.
14:14:06 **** Incremental Build of configuration Debug for project Lab3 ****
make -j16 all 
arm-none-eabi-gcc "../Core/Src/main.c" -mcpu=cortex-m7 -std=gnu11 -g3 -DDEBUG -DUSE_HAL_DRIVER -DSTM32F767xx -c -I../Core/Inc -I../Drivers/STM32F7xx_HAL_Driver/Inc -I../Drivers/STM32F7xx_HAL_Driver/Inc/Legacy -I../Drivers/CMSIS/Device/ST/STM32F7xx/Include -I../Drivers/CMSIS/Include -O0 -ffunction-sections -fdata-sections -Wall -fstack-usage -fcyclomatic-complexity -MMD -MP -MF"Core/Src/main.d" -MT"Core/Src/main.o" --specs=nano.specs -mfpu=fpv5-d16 -mfloat-abi=hard -mthumb -o "Core/Src/main.o"
../Core/Src/main.c: In function 'main':
../Core/Src/main.c:106:38: warning: cast from pointer to integer of different size [-Wpointer-to-int-cast]
  106 |           HAL_UART_Transmit(&huart3, (uint8_t)str, strlen(str), 1000);
      |                                      ^
../Core/Src/main.c:106:38: error: passing argument 2 of 'HAL_UART_Transmit' makes pointer from integer without a cast [-Wint-conversion]
  106 |           HAL_UART_Transmit(&huart3, (uint8_t)str, strlen(str), 1000);
      |                                      ^~~~~~~~~~~~
      |                                      |
      |                                      unsigned char
In file included from ../Core/Inc/stm32f7xx_hal_conf.h:415,
                 from ../Drivers/STM32F7xx_HAL_Driver/Inc/stm32f7xx_hal.h:29,
                 from ../Core/Inc/main.h:30,
                 from ../Core/Src/main.c:20:
../Drivers/STM32F7xx_HAL_Driver/Inc/stm32f7xx_hal_uart.h:1557:79: note: expected 'const uint8_t *' {aka 'const unsigned char *'} but argument is of type 'unsigned char'
 1557 | HAL_StatusTypeDef HAL_UART_Transmit(UART_HandleTypeDef *huart, const uint8_t *pData, uint16_t Size, uint32_t Timeout);
      |                                                                ~~~~~~~~~~~~~~~^~~~~
make: *** [Core/Src/subdir.mk:40: Core/Src/main.o] Error 1
"make -j16 all" terminated with exit code 2. Build might be incomplete.
14:16:13 **** Incremental Build of configuration Debug for project Lab3 ****
make -j16 all 
arm-none-eabi-gcc "../Core/Src/main.c" -mcpu=cortex-m7 -std=gnu11 -g3 -DDEBUG -DUSE_HAL_DRIVER -DSTM32F767xx -c -I../Core/Inc -I../Drivers/STM32F7xx_HAL_Driver/Inc -I../Drivers/STM32F7xx_HAL_Driver/Inc/Legacy -I../Drivers/CMSIS/Device/ST/STM32F7xx/Include -I../Drivers/CMSIS/Include -O0 -ffunction-sections -fdata-sections -Wall -fstack-usage -fcyclomatic-complexity -MMD -MP -MF"Core/Src/main.d" -MT"Core/Src/main.o" --specs=nano.specs -mfpu=fpv5-d16 -mfloat-abi=hard -mthumb -o "Core/Src/main.o"
arm-none-eabi-gcc -o "Lab3.elf" @"objects.list"   -mcpu=cortex-m7 -T"E:\3rd_Year\MAD\Lab\Lab3\STM32F767ZITX_FLASH.ld" --specs=nosys.specs -Wl,-Map="Lab3.map" -Wl,--gc-sections -static --specs=nano.specs -mfpu=fpv5-d16 -mfloat-abi=hard -mthumb -Wl,--start-group -lc -lm -Wl,--end-group
Finished building target: Lab3.elf
 
arm-none-eabi-size  Lab3.elf 
arm-none-eabi-objdump -h -S Lab3.elf  > "Lab3.list"
   text	   data	    bss	    dec	    hex	filename
  11592	     12	   1708	  13312	   3400	Lab3.elf
Finished building: default.size.stdout
 
Finished building: Lab3.list
 
14:17:04 **** Incremental Build of configuration Debug for project Lab3 ****
make -j16 all 
arm-none-eabi-size  Lab3.elf 
   text	   data	    bss	    dec	    hex	filename
  11592	     12	   1708	  13312	   3400	Lab3.elf
Finished building: default.size.stdout
 
14:25:10 **** Incremental Build of configuration Debug for project Lab3 ****
make -j16 all 
arm-none-eabi-gcc "../Core/Src/main.c" -mcpu=cortex-m7 -std=gnu11 -g3 -DDEBUG -DUSE_HAL_DRIVER -DSTM32F767xx -c -I../Core/Inc -I../Drivers/STM32F7xx_HAL_Driver/Inc -I../Drivers/STM32F7xx_HAL_Driver/Inc/Legacy -I../Drivers/CMSIS/Device/ST/STM32F7xx/Include -I../Drivers/CMSIS/Include -O0 -ffunction-sections -fdata-sections -Wall -fstack-usage -fcyclomatic-complexity -MMD -MP -MF"Core/Src/main.d" -MT"Core/Src/main.o" --specs=nano.specs -mfpu=fpv5-d16 -mfloat-abi=hard -mthumb -o "Core/Src/main.o"
../Core/Src/main.c: In function 'main':
../Core/Src/main.c:107:38: warning: cast to pointer from integer of different size [-Wint-to-pointer-cast]
  107 |           HAL_UART_Transmit(&huart3, (uint8_t*)ch1, strlen(ch1), 1000);
      |                                      ^
../Core/Src/main.c:107:60: error: passing argument 1 of 'strlen' makes pointer from integer without a cast [-Wint-conversion]
  107 |           HAL_UART_Transmit(&huart3, (uint8_t*)ch1, strlen(ch1), 1000);
      |                                                            ^~~
      |                                                            |
      |                                                            char
In file included from ../Core/Src/main.c:23:
E:\3rd_Year\MAD\STM32CubeIDE_2.2.0\STM32CubeIDE\plugins\com.st.stm32cube.ide.mcu.externaltools.gnu-tools-for-stm32.14.3.rel1.win32_1.0.100.202602081740\tools\bin/../lib/gcc/arm-none-eabi/14.3.1/../../../../arm-none-eabi/include/string.h:41:18: note: expected 'const char *' but argument is of type 'char'
   41 | size_t   strlen (const char *);
      |                  ^~~~~~~~~~~~
make: *** [Core/Src/subdir.mk:40: Core/Src/main.o] Error 1
"make -j16 all" terminated with exit code 2. Build might be incomplete.
14:25:34 **** Incremental Build of configuration Debug for project Lab3 ****
make -j16 all 
arm-none-eabi-gcc "../Core/Src/main.c" -mcpu=cortex-m7 -std=gnu11 -g3 -DDEBUG -DUSE_HAL_DRIVER -DSTM32F767xx -c -I../Core/Inc -I../Drivers/STM32F7xx_HAL_Driver/Inc -I../Drivers/STM32F7xx_HAL_Driver/Inc/Legacy -I../Drivers/CMSIS/Device/ST/STM32F7xx/Include -I../Drivers/CMSIS/Include -O0 -ffunction-sections -fdata-sections -Wall -fstack-usage -fcyclomatic-complexity -MMD -MP -MF"Core/Src/main.d" -MT"Core/Src/main.o" --specs=nano.specs -mfpu=fpv5-d16 -mfloat-abi=hard -mthumb -o "Core/Src/main.o"
../Core/Src/main.c: In function 'main':
../Core/Src/main.c:107:38: warning: cast to pointer from integer of different size [-Wint-to-pointer-cast]
  107 |           HAL_UART_Transmit(&huart3, (uint8_t*)ch1, 1, 1000);
      |                                      ^
arm-none-eabi-gcc -o "Lab3.elf" @"objects.list"   -mcpu=cortex-m7 -T"E:\3rd_Year\MAD\Lab\Lab3\STM32F767ZITX_FLASH.ld" --specs=nosys.specs -Wl,-Map="Lab3.map" -Wl,--gc-sections -static --specs=nano.specs -mfpu=fpv5-d16 -mfloat-abi=hard -mthumb -Wl,--start-group -lc -lm -Wl,--end-group
Finished building target: Lab3.elf
 
arm-none-eabi-size  Lab3.elf 
arm-none-eabi-objdump -h -S Lab3.elf  > "Lab3.list"
   text	   data	    bss	    dec	    hex	filename
  11532	     12	   1708	  13252	   33c4	Lab3.elf
Finished building: default.size.stdout
 
Finished building: Lab3.list
 
14:25:38 **** Incremental Build of configuration Debug for project Lab3 ****
make -j16 all 
arm-none-eabi-size  Lab3.elf 
   text	   data	    bss	    dec	    hex	filename
  11532	     12	   1708	  13252	   33c4	Lab3.elf
Finished building: default.size.stdout
 
14:26:28 **** Incremental Build of configuration Debug for project Lab3 ****
make -j16 all 
arm-none-eabi-gcc "../Core/Src/main.c" -mcpu=cortex-m7 -std=gnu11 -g3 -DDEBUG -DUSE_HAL_DRIVER -DSTM32F767xx -c -I../Core/Inc -I../Drivers/STM32F7xx_HAL_Driver/Inc -I../Drivers/STM32F7xx_HAL_Driver/Inc/Legacy -I../Drivers/CMSIS/Device/ST/STM32F7xx/Include -I../Drivers/CMSIS/Include -O0 -ffunction-sections -fdata-sections -Wall -fstack-usage -fcyclomatic-complexity -MMD -MP -MF"Core/Src/main.d" -MT"Core/Src/main.o" --specs=nano.specs -mfpu=fpv5-d16 -mfloat-abi=hard -mthumb -o "Core/Src/main.o"
../Core/Src/main.c: In function 'main':
../Core/Src/main.c:107:38: warning: cast to pointer from integer of different size [-Wint-to-pointer-cast]
  107 |           HAL_UART_Transmit(&huart3, (uint8_t*)ch1, 4, 1000);
      |                                      ^
arm-none-eabi-gcc -o "Lab3.elf" @"objects.list"   -mcpu=cortex-m7 -T"E:\3rd_Year\MAD\Lab\Lab3\STM32F767ZITX_FLASH.ld" --specs=nosys.specs -Wl,-Map="Lab3.map" -Wl,--gc-sections -static --specs=nano.specs -mfpu=fpv5-d16 -mfloat-abi=hard -mthumb -Wl,--start-group -lc -lm -Wl,--end-group
Finished building target: Lab3.elf
 
arm-none-eabi-size  Lab3.elf 
arm-none-eabi-objdump -h -S Lab3.elf  > "Lab3.list"
   text	   data	    bss	    dec	    hex	filename
  11532	     12	   1708	  13252	   33c4	Lab3.elf
Finished building: default.size.stdout
 
Finished building: Lab3.list
 
14:26:37 **** Incremental Build of configuration Debug for project Lab3 ****
make -j16 all 
arm-none-eabi-size  Lab3.elf 
   text	   data	    bss	    dec	    hex	filename
  11532	     12	   1708	  13252	   33c4	Lab3.elf
Finished building: default.size.stdout
 
14:27:11 **** Incremental Build of configuration Debug for project Lab3 ****
make -j16 all 
arm-none-eabi-gcc "../Core/Src/main.c" -mcpu=cortex-m7 -std=gnu11 -g3 -DDEBUG -DUSE_HAL_DRIVER -DSTM32F767xx -c -I../Core/Inc -I../Drivers/STM32F7xx_HAL_Driver/Inc -I../Drivers/STM32F7xx_HAL_Driver/Inc/Legacy -I../Drivers/CMSIS/Device/ST/STM32F7xx/Include -I../Drivers/CMSIS/Include -O0 -ffunction-sections -fdata-sections -Wall -fstack-usage -fcyclomatic-complexity -MMD -MP -MF"Core/Src/main.d" -MT"Core/Src/main.o" --specs=nano.specs -mfpu=fpv5-d16 -mfloat-abi=hard -mthumb -o "Core/Src/main.o"
../Core/Src/main.c: In function 'main':
../Core/Src/main.c:107:38: warning: cast to pointer from integer of different size [-Wint-to-pointer-cast]
  107 |           HAL_UART_Transmit(&huart3, (uint8_t*)ch1, 8, 1000);
      |                                      ^
arm-none-eabi-gcc -o "Lab3.elf" @"objects.list"   -mcpu=cortex-m7 -T"E:\3rd_Year\MAD\Lab\Lab3\STM32F767ZITX_FLASH.ld" --specs=nosys.specs -Wl,-Map="Lab3.map" -Wl,--gc-sections -static --specs=nano.specs -mfpu=fpv5-d16 -mfloat-abi=hard -mthumb -Wl,--start-group -lc -lm -Wl,--end-group
Finished building target: Lab3.elf
 
arm-none-eabi-size  Lab3.elf 
arm-none-eabi-objdump -h -S Lab3.elf  > "Lab3.list"
   text	   data	    bss	    dec	    hex	filename
  11532	     12	   1708	  13252	   33c4	Lab3.elf
Finished building: default.size.stdout
 
Finished building: Lab3.list
 
14:27:15 **** Incremental Build of configuration Debug for project Lab3 ****
make -j16 all 
arm-none-eabi-size  Lab3.elf 
   text	   data	    bss	    dec	    hex	filename
  11532	     12	   1708	  13252	   33c4	Lab3.elf
Finished building: default.size.stdout
 
14:27:37 **** Incremental Build of configuration Debug for project Lab3 ****
make -j16 all 
arm-none-eabi-gcc "../Core/Src/main.c" -mcpu=cortex-m7 -std=gnu11 -g3 -DDEBUG -DUSE_HAL_DRIVER -DSTM32F767xx -c -I../Core/Inc -I../Drivers/STM32F7xx_HAL_Driver/Inc -I../Drivers/STM32F7xx_HAL_Driver/Inc/Legacy -I../Drivers/CMSIS/Device/ST/STM32F7xx/Include -I../Drivers/CMSIS/Include -O0 -ffunction-sections -fdata-sections -Wall -fstack-usage -fcyclomatic-complexity -MMD -MP -MF"Core/Src/main.d" -MT"Core/Src/main.o" --specs=nano.specs -mfpu=fpv5-d16 -mfloat-abi=hard -mthumb -o "Core/Src/main.o"
arm-none-eabi-gcc -o "Lab3.elf" @"objects.list"   -mcpu=cortex-m7 -T"E:\3rd_Year\MAD\Lab\Lab3\STM32F767ZITX_FLASH.ld" --specs=nosys.specs -Wl,-Map="Lab3.map" -Wl,--gc-sections -static --specs=nano.specs -mfpu=fpv5-d16 -mfloat-abi=hard -mthumb -Wl,--start-group -lc -lm -Wl,--end-group
Finished building target: Lab3.elf
 
arm-none-eabi-size  Lab3.elf 
arm-none-eabi-objdump -h -S Lab3.elf  > "Lab3.list"
   text	   data	    bss	    dec	    hex	filename
  11532	     12	   1708	  13252	   33c4	Lab3.elf
Finished building: default.size.stdout
 
Finished building: Lab3.list
 
14:27:43 **** Incremental Build of configuration Debug for project Lab3 ****
make -j16 all 
arm-none-eabi-size  Lab3.elf 
   text	   data	    bss	    dec	    hex	filename
  11532	     12	   1708	  13252	   33c4	Lab3.elf
Finished building: default.size.stdout
 
14:28:00 **** Incremental Build of configuration Debug for project Lab3 ****
make -j16 all 
arm-none-eabi-gcc "../Core/Src/main.c" -mcpu=cortex-m7 -std=gnu11 -g3 -DDEBUG -DUSE_HAL_DRIVER -DSTM32F767xx -c -I../Core/Inc -I../Drivers/STM32F7xx_HAL_Driver/Inc -I../Drivers/STM32F7xx_HAL_Driver/Inc/Legacy -I../Drivers/CMSIS/Device/ST/STM32F7xx/Include -I../Drivers/CMSIS/Include -O0 -ffunction-sections -fdata-sections -Wall -fstack-usage -fcyclomatic-complexity -MMD -MP -MF"Core/Src/main.d" -MT"Core/Src/main.o" --specs=nano.specs -mfpu=fpv5-d16 -mfloat-abi=hard -mthumb -o "Core/Src/main.o"
arm-none-eabi-gcc -o "Lab3.elf" @"objects.list"   -mcpu=cortex-m7 -T"E:\3rd_Year\MAD\Lab\Lab3\STM32F767ZITX_FLASH.ld" --specs=nosys.specs -Wl,-Map="Lab3.map" -Wl,--gc-sections -static --specs=nano.specs -mfpu=fpv5-d16 -mfloat-abi=hard -mthumb -Wl,--start-group -lc -lm -Wl,--end-group
Finished building target: Lab3.elf
 
arm-none-eabi-size  Lab3.elf 
arm-none-eabi-objdump -h -S Lab3.elf  > "Lab3.list"
   text	   data	    bss	    dec	    hex	filename
  11532	     12	   1708	  13252	   33c4	Lab3.elf
Finished building: default.size.stdout
 
Finished building: Lab3.list
 
14:38:07 **** Incremental Build of configuration Debug for project Lab3 ****
make -j16 all 
arm-none-eabi-gcc "../Core/Src/main.c" -mcpu=cortex-m7 -std=gnu11 -g3 -DDEBUG -DUSE_HAL_DRIVER -DSTM32F767xx -c -I../Core/Inc -I../Drivers/STM32F7xx_HAL_Driver/Inc -I../Drivers/STM32F7xx_HAL_Driver/Inc/Legacy -I../Drivers/CMSIS/Device/ST/STM32F7xx/Include -I../Drivers/CMSIS/Include -O0 -ffunction-sections -fdata-sections -Wall -fstack-usage -fcyclomatic-complexity -MMD -MP -MF"Core/Src/main.d" -MT"Core/Src/main.o" --specs=nano.specs -mfpu=fpv5-d16 -mfloat-abi=hard -mthumb -o "Core/Src/main.o"
../Core/Src/main.c: In function 'main':
../Core/Src/main.c:105:22: error: initialization of 'char' from 'char *' makes integer from pointer without a cast [-Wint-conversion]
  105 |           char str = "Input => %c",ch1;
      |                      ^~~~~~~~~~~~~
../Core/Src/main.c:105:36: error: redeclaration of 'ch1' with no linkage
  105 |           char str = "Input => %c",ch1;
      |                                    ^~~
../Core/Src/main.c:104:16: note: previous definition of 'ch1' with type 'char'
  104 |           char ch1 ='A';
      |                ^~~
../Core/Src/main.c:109:11: error: implicit declaration of function 'printf' [-Wimplicit-function-declaration]
  109 |           printf(str);
      |           ^~~~~~
../Core/Src/main.c:24:1: note: include '<stdio.h>' or provide a declaration of 'printf'
   23 | #include "string.h"
  +++ |+#include <stdio.h>
   24 | 
../Core/Src/main.c:109:11: warning: incompatible implicit declaration of built-in function 'printf' [-Wbuiltin-declaration-mismatch]
  109 |           printf(str);
      |           ^~~~~~
../Core/Src/main.c:109:11: note: include '<stdio.h>' or provide a declaration of 'printf'
../Core/Src/main.c:109:18: error: passing argument 1 of 'printf' makes pointer from integer without a cast [-Wint-conversion]
  109 |           printf(str);
      |                  ^~~
      |                  |
      |                  char
../Core/Src/main.c:109:18: note: expected 'const char *' but argument is of type 'char'
make: *** [Core/Src/subdir.mk:40: Core/Src/main.o] Error 1
"make -j16 all" terminated with exit code 2. Build might be incomplete.
14:38:45 **** Incremental Build of configuration Debug for project Lab3 ****
make -j16 all 
arm-none-eabi-gcc "../Core/Src/main.c" -mcpu=cortex-m7 -std=gnu11 -g3 -DDEBUG -DUSE_HAL_DRIVER -DSTM32F767xx -c -I../Core/Inc -I../Drivers/STM32F7xx_HAL_Driver/Inc -I../Drivers/STM32F7xx_HAL_Driver/Inc/Legacy -I../Drivers/CMSIS/Device/ST/STM32F7xx/Include -I../Drivers/CMSIS/Include -O0 -ffunction-sections -fdata-sections -Wall -fstack-usage -fcyclomatic-complexity -MMD -MP -MF"Core/Src/main.d" -MT"Core/Src/main.o" --specs=nano.specs -mfpu=fpv5-d16 -mfloat-abi=hard -mthumb -o "Core/Src/main.o"
../Core/Src/main.c: In function 'main':
../Core/Src/main.c:105:36: warning: left-hand operand of comma expression has no effect [-Wunused-value]
  105 |           char str = ("Input => %c",ch1);
      |                                    ^
../Core/Src/main.c:109:11: error: implicit declaration of function 'printf' [-Wimplicit-function-declaration]
  109 |           printf(str);
      |           ^~~~~~
../Core/Src/main.c:24:1: note: include '<stdio.h>' or provide a declaration of 'printf'
   23 | #include "string.h"
  +++ |+#include <stdio.h>
   24 | 
../Core/Src/main.c:109:11: warning: incompatible implicit declaration of built-in function 'printf' [-Wbuiltin-declaration-mismatch]
  109 |           printf(str);
      |           ^~~~~~
../Core/Src/main.c:109:11: note: include '<stdio.h>' or provide a declaration of 'printf'
../Core/Src/main.c:109:18: error: passing argument 1 of 'printf' makes pointer from integer without a cast [-Wint-conversion]
  109 |           printf(str);
      |                  ^~~
      |                  |
      |                  char
../Core/Src/main.c:109:18: note: expected 'const char *' but argument is of type 'char'
make: *** [Core/Src/subdir.mk:40: Core/Src/main.o] Error 1
"make -j16 all" terminated with exit code 2. Build might be incomplete.
14:44:16 **** Incremental Build of configuration Debug for project Lab3 ****
make -j16 all 
arm-none-eabi-gcc "../Core/Src/main.c" -mcpu=cortex-m7 -std=gnu11 -g3 -DDEBUG -DUSE_HAL_DRIVER -DSTM32F767xx -c -I../Core/Inc -I../Drivers/STM32F7xx_HAL_Driver/Inc -I../Drivers/STM32F7xx_HAL_Driver/Inc/Legacy -I../Drivers/CMSIS/Device/ST/STM32F7xx/Include -I../Drivers/CMSIS/Include -O0 -ffunction-sections -fdata-sections -Wall -fstack-usage -fcyclomatic-complexity -MMD -MP -MF"Core/Src/main.d" -MT"Core/Src/main.o" --specs=nano.specs -mfpu=fpv5-d16 -mfloat-abi=hard -mthumb -o "Core/Src/main.o"
../Core/Src/main.c: In function 'main':
../Core/Src/main.c:106:11: error: implicit declaration of function 'snprintf' [-Wimplicit-function-declaration]
  106 |           snprintf(str, sizeof("Input => %c/n/r"), "Input => %c/n/r", ch1);
      |           ^~~~~~~~
../Core/Src/main.c:24:1: note: include '<stdio.h>' or provide a declaration of 'snprintf'
   23 | #include "string.h"
  +++ |+#include <stdio.h>
   24 | 
../Core/Src/main.c:106:11: warning: incompatible implicit declaration of built-in function 'snprintf' [-Wbuiltin-declaration-mismatch]
  106 |           snprintf(str, sizeof("Input => %c/n/r"), "Input => %c/n/r", ch1);
      |           ^~~~~~~~
../Core/Src/main.c:106:11: note: include '<stdio.h>' or provide a declaration of 'snprintf'
make: *** [Core/Src/subdir.mk:40: Core/Src/main.o] Error 1
"make -j16 all" terminated with exit code 2. Build might be incomplete.
14:44:44 **** Incremental Build of configuration Debug for project Lab3 ****
make -j16 all 
arm-none-eabi-gcc "../Core/Src/main.c" -mcpu=cortex-m7 -std=gnu11 -g3 -DDEBUG -DUSE_HAL_DRIVER -DSTM32F767xx -c -I../Core/Inc -I../Drivers/STM32F7xx_HAL_Driver/Inc -I../Drivers/STM32F7xx_HAL_Driver/Inc/Legacy -I../Drivers/CMSIS/Device/ST/STM32F7xx/Include -I../Drivers/CMSIS/Include -O0 -ffunction-sections -fdata-sections -Wall -fstack-usage -fcyclomatic-complexity -MMD -MP -MF"Core/Src/main.d" -MT"Core/Src/main.o" --specs=nano.specs -mfpu=fpv5-d16 -mfloat-abi=hard -mthumb -o "Core/Src/main.o"
arm-none-eabi-gcc -o "Lab3.elf" @"objects.list"   -mcpu=cortex-m7 -T"E:\3rd_Year\MAD\Lab\Lab3\STM32F767ZITX_FLASH.ld" --specs=nosys.specs -Wl,-Map="Lab3.map" -Wl,--gc-sections -static --specs=nano.specs -mfpu=fpv5-d16 -mfloat-abi=hard -mthumb -Wl,--start-group -lc -lm -Wl,--end-group
Finished building target: Lab3.elf
 
arm-none-eabi-size  Lab3.elf 
arm-none-eabi-objdump -h -S Lab3.elf  > "Lab3.list"
   text	   data	    bss	    dec	    hex	filename
  14244	     92	   2036	  16372	   3ff4	Lab3.elf
Finished building: default.size.stdout
 
Finished building: Lab3.list
 
14:44:47 **** Incremental Build of configuration Debug for project Lab3 ****
make -j16 all 
arm-none-eabi-size  Lab3.elf 
   text	   data	    bss	    dec	    hex	filename
  14244	     92	   2036	  16372	   3ff4	Lab3.elf
Finished building: default.size.stdout
 
14:45:31 **** Incremental Build of configuration Debug for project Lab3 ****
make -j16 all 
arm-none-eabi-gcc "../Core/Src/main.c" -mcpu=cortex-m7 -std=gnu11 -g3 -DDEBUG -DUSE_HAL_DRIVER -DSTM32F767xx -c -I../Core/Inc -I../Drivers/STM32F7xx_HAL_Driver/Inc -I../Drivers/STM32F7xx_HAL_Driver/Inc/Legacy -I../Drivers/CMSIS/Device/ST/STM32F7xx/Include -I../Drivers/CMSIS/Include -O0 -ffunction-sections -fdata-sections -Wall -fstack-usage -fcyclomatic-complexity -MMD -MP -MF"Core/Src/main.d" -MT"Core/Src/main.o" --specs=nano.specs -mfpu=fpv5-d16 -mfloat-abi=hard -mthumb -o "Core/Src/main.o"
arm-none-eabi-gcc -o "Lab3.elf" @"objects.list"   -mcpu=cortex-m7 -T"E:\3rd_Year\MAD\Lab\Lab3\STM32F767ZITX_FLASH.ld" --specs=nosys.specs -Wl,-Map="Lab3.map" -Wl,--gc-sections -static --specs=nano.specs -mfpu=fpv5-d16 -mfloat-abi=hard -mthumb -Wl,--start-group -lc -lm -Wl,--end-group
Finished building target: Lab3.elf
 
arm-none-eabi-size  Lab3.elf 
arm-none-eabi-objdump -h -S Lab3.elf  > "Lab3.list"
   text	   data	    bss	    dec	    hex	filename
  14244	     92	   2036	  16372	   3ff4	Lab3.elf
Finished building: default.size.stdout
 
Finished building: Lab3.list
 
14:45:56 **** Incremental Build of configuration Debug for project Lab3 ****
make -j16 all 
arm-none-eabi-gcc "../Core/Src/main.c" -mcpu=cortex-m7 -std=gnu11 -g3 -DDEBUG -DUSE_HAL_DRIVER -DSTM32F767xx -c -I../Core/Inc -I../Drivers/STM32F7xx_HAL_Driver/Inc -I../Drivers/STM32F7xx_HAL_Driver/Inc/Legacy -I../Drivers/CMSIS/Device/ST/STM32F7xx/Include -I../Drivers/CMSIS/Include -O0 -ffunction-sections -fdata-sections -Wall -fstack-usage -fcyclomatic-complexity -MMD -MP -MF"Core/Src/main.d" -MT"Core/Src/main.o" --specs=nano.specs -mfpu=fpv5-d16 -mfloat-abi=hard -mthumb -o "Core/Src/main.o"
arm-none-eabi-gcc -o "Lab3.elf" @"objects.list"   -mcpu=cortex-m7 -T"E:\3rd_Year\MAD\Lab\Lab3\STM32F767ZITX_FLASH.ld" --specs=nosys.specs -Wl,-Map="Lab3.map" -Wl,--gc-sections -static --specs=nano.specs -mfpu=fpv5-d16 -mfloat-abi=hard -mthumb -Wl,--start-group -lc -lm -Wl,--end-group
Finished building target: Lab3.elf
 
arm-none-eabi-size  Lab3.elf 
arm-none-eabi-objdump -h -S Lab3.elf  > "Lab3.list"
   text	   data	    bss	    dec	    hex	filename
  14244	     92	   2036	  16372	   3ff4	Lab3.elf
Finished building: default.size.stdout
 
Finished building: Lab3.list
 
14:47:27 **** Incremental Build of configuration Debug for project Lab3 ****
make -j16 all 
arm-none-eabi-gcc "../Core/Src/main.c" -mcpu=cortex-m7 -std=gnu11 -g3 -DDEBUG -DUSE_HAL_DRIVER -DSTM32F767xx -c -I../Core/Inc -I../Drivers/STM32F7xx_HAL_Driver/Inc -I../Drivers/STM32F7xx_HAL_Driver/Inc/Legacy -I../Drivers/CMSIS/Device/ST/STM32F7xx/Include -I../Drivers/CMSIS/Include -O0 -ffunction-sections -fdata-sections -Wall -fstack-usage -fcyclomatic-complexity -MMD -MP -MF"Core/Src/main.d" -MT"Core/Src/main.o" --specs=nano.specs -mfpu=fpv5-d16 -mfloat-abi=hard -mthumb -o "Core/Src/main.o"
arm-none-eabi-gcc -o "Lab3.elf" @"objects.list"   -mcpu=cortex-m7 -T"E:\3rd_Year\MAD\Lab\Lab3\STM32F767ZITX_FLASH.ld" --specs=nosys.specs -Wl,-Map="Lab3.map" -Wl,--gc-sections -static --specs=nano.specs -mfpu=fpv5-d16 -mfloat-abi=hard -mthumb -Wl,--start-group -lc -lm -Wl,--end-group
Finished building target: Lab3.elf
 
arm-none-eabi-size  Lab3.elf 
arm-none-eabi-objdump -h -S Lab3.elf  > "Lab3.list"
   text	   data	    bss	    dec	    hex	filename
  14244	     92	   2036	  16372	   3ff4	Lab3.elf
Finished building: default.size.stdout
 
Finished building: Lab3.list
 
14:47:51 **** Incremental Build of configuration Debug for project Lab3 ****
make -j16 all 
arm-none-eabi-gcc "../Core/Src/main.c" -mcpu=cortex-m7 -std=gnu11 -g3 -DDEBUG -DUSE_HAL_DRIVER -DSTM32F767xx -c -I../Core/Inc -I../Drivers/STM32F7xx_HAL_Driver/Inc -I../Drivers/STM32F7xx_HAL_Driver/Inc/Legacy -I../Drivers/CMSIS/Device/ST/STM32F7xx/Include -I../Drivers/CMSIS/Include -O0 -ffunction-sections -fdata-sections -Wall -fstack-usage -fcyclomatic-complexity -MMD -MP -MF"Core/Src/main.d" -MT"Core/Src/main.o" --specs=nano.specs -mfpu=fpv5-d16 -mfloat-abi=hard -mthumb -o "Core/Src/main.o"
arm-none-eabi-gcc -o "Lab3.elf" @"objects.list"   -mcpu=cortex-m7 -T"E:\3rd_Year\MAD\Lab\Lab3\STM32F767ZITX_FLASH.ld" --specs=nosys.specs -Wl,-Map="Lab3.map" -Wl,--gc-sections -static --specs=nano.specs -mfpu=fpv5-d16 -mfloat-abi=hard -mthumb -Wl,--start-group -lc -lm -Wl,--end-group
Finished building target: Lab3.elf
 
arm-none-eabi-size  Lab3.elf 
arm-none-eabi-objdump -h -S Lab3.elf  > "Lab3.list"
   text	   data	    bss	    dec	    hex	filename
  14244	     92	   2036	  16372	   3ff4	Lab3.elf
Finished building: default.size.stdout
 
Finished building: Lab3.list
 
14:47:55 **** Incremental Build of configuration Debug for project Lab3 ****
make -j16 all 
arm-none-eabi-size  Lab3.elf 
   text	   data	    bss	    dec	    hex	filename
  14244	     92	   2036	  16372	   3ff4	Lab3.elf
Finished building: default.size.stdout
 
14:51:21 **** Incremental Build of configuration Debug for project Lab3 ****
make -j16 all 
arm-none-eabi-gcc "../Core/Src/main.c" -mcpu=cortex-m7 -std=gnu11 -g3 -DDEBUG -DUSE_HAL_DRIVER -DSTM32F767xx -c -I../Core/Inc -I../Drivers/STM32F7xx_HAL_Driver/Inc -I../Drivers/STM32F7xx_HAL_Driver/Inc/Legacy -I../Drivers/CMSIS/Device/ST/STM32F7xx/Include -I../Drivers/CMSIS/Include -O0 -ffunction-sections -fdata-sections -Wall -fstack-usage -fcyclomatic-complexity -MMD -MP -MF"Core/Src/main.d" -MT"Core/Src/main.o" --specs=nano.specs -mfpu=fpv5-d16 -mfloat-abi=hard -mthumb -o "Core/Src/main.o"
arm-none-eabi-gcc -o "Lab3.elf" @"objects.list"   -mcpu=cortex-m7 -T"E:\3rd_Year\MAD\Lab\Lab3\STM32F767ZITX_FLASH.ld" --specs=nosys.specs -Wl,-Map="Lab3.map" -Wl,--gc-sections -static --specs=nano.specs -mfpu=fpv5-d16 -mfloat-abi=hard -mthumb -Wl,--start-group -lc -lm -Wl,--end-group
Finished building target: Lab3.elf
 
arm-none-eabi-size  Lab3.elf 
arm-none-eabi-objdump -h -S Lab3.elf  > "Lab3.list"
   text	   data	    bss	    dec	    hex	filename
  14228	     92	   2036	  16356	   3fe4	Lab3.elf
Finished building: default.size.stdout
 
Finished building: Lab3.list
 
14:51:24 **** Incremental Build of configuration Debug for project Lab3 ****
make -j16 all 
arm-none-eabi-size  Lab3.elf 
   text	   data	    bss	    dec	    hex	filename
  14228	     92	   2036	  16356	   3fe4	Lab3.elf
Finished building: default.size.stdout
 
15:00:14 **** Incremental Build of configuration Debug for project Lab3 ****
make -j16 all 
arm-none-eabi-gcc "../Core/Src/main.c" -mcpu=cortex-m7 -std=gnu11 -g3 -DDEBUG -DUSE_HAL_DRIVER -DSTM32F767xx -c -I../Core/Inc -I../Drivers/STM32F7xx_HAL_Driver/Inc -I../Drivers/STM32F7xx_HAL_Driver/Inc/Legacy -I../Drivers/CMSIS/Device/ST/STM32F7xx/Include -I../Drivers/CMSIS/Include -O0 -ffunction-sections -fdata-sections -Wall -fstack-usage -fcyclomatic-complexity -MMD -MP -MF"Core/Src/main.d" -MT"Core/Src/main.o" --specs=nano.specs -mfpu=fpv5-d16 -mfloat-abi=hard -mthumb -o "Core/Src/main.o"
../Core/Src/main.c: In function 'main':
../Core/Src/main.c:114:25: warning: comparison between pointer and integer
  114 |                   if(ch1=="q"){
      |                         ^~
../Core/Src/main.c:114:25: warning: comparison with string literal results in unspecified behavior [-Waddress]
../Core/Src/main.c:116:68: warning: pointer targets in passing argument 2 of 'HAL_UART_Transmit' differ in signedness [-Wpointer-sign]
  116 |                                         HAL_UART_Transmit(&huart3, "QUIT", 4, 1000);
      |                                                                    ^~~~~~
      |                                                                    |
      |                                                                    char *
In file included from ../Core/Inc/stm32f7xx_hal_conf.h:415,
                 from ../Drivers/STM32F7xx_HAL_Driver/Inc/stm32f7xx_hal.h:29,
                 from ../Core/Inc/main.h:30,
                 from ../Core/Src/main.c:20:
../Drivers/STM32F7xx_HAL_Driver/Inc/stm32f7xx_hal_uart.h:1557:79: note: expected 'const uint8_t *' {aka 'const unsigned char *'} but argument is of type 'char *'
 1557 | HAL_StatusTypeDef HAL_UART_Transmit(UART_HandleTypeDef *huart, const uint8_t *pData, uint16_t Size, uint32_t Timeout);
      |                                                                ~~~~~~~~~~~~~~~^~~~~
arm-none-eabi-gcc -o "Lab3.elf" @"objects.list"   -mcpu=cortex-m7 -T"E:\3rd_Year\MAD\Lab\Lab3\STM32F767ZITX_FLASH.ld" --specs=nosys.specs -Wl,-Map="Lab3.map" -Wl,--gc-sections -static --specs=nano.specs -mfpu=fpv5-d16 -mfloat-abi=hard -mthumb -Wl,--start-group -lc -lm -Wl,--end-group
Finished building target: Lab3.elf
 
arm-none-eabi-size  Lab3.elf 
arm-none-eabi-objdump -h -S Lab3.elf  > "Lab3.list"
   text	   data	    bss	    dec	    hex	filename
  14708	     92	   2036	  16836	   41c4	Lab3.elf
Finished building: default.size.stdout
 
Finished building: Lab3.list
 
15:00:18 **** Incremental Build of configuration Debug for project Lab3 ****
make -j16 all 
arm-none-eabi-size  Lab3.elf 
   text	   data	    bss	    dec	    hex	filename
  14708	     92	   2036	  16836	   41c4	Lab3.elf
Finished building: default.size.stdout
 
15:01:57 **** Incremental Build of configuration Debug for project Lab3 ****
make -j16 all 
arm-none-eabi-gcc "../Core/Src/main.c" -mcpu=cortex-m7 -std=gnu11 -g3 -DDEBUG -DUSE_HAL_DRIVER -DSTM32F767xx -c -I../Core/Inc -I../Drivers/STM32F7xx_HAL_Driver/Inc -I../Drivers/STM32F7xx_HAL_Driver/Inc/Legacy -I../Drivers/CMSIS/Device/ST/STM32F7xx/Include -I../Drivers/CMSIS/Include -O0 -ffunction-sections -fdata-sections -Wall -fstack-usage -fcyclomatic-complexity -MMD -MP -MF"Core/Src/main.d" -MT"Core/Src/main.o" --specs=nano.specs -mfpu=fpv5-d16 -mfloat-abi=hard -mthumb -o "Core/Src/main.o"
../Core/Src/main.c: In function 'main':
../Core/Src/main.c:114:25: warning: comparison between pointer and integer
  114 |                   if(ch1=="q"){
      |                         ^~
../Core/Src/main.c:114:25: warning: comparison with string literal results in unspecified behavior [-Waddress]
../Core/Src/main.c:117:54: warning: pointer targets in passing argument 2 of 'HAL_UART_Transmit' differ in signedness [-Wpointer-sign]
  117 |                           HAL_UART_Transmit(&huart3, "QUIT", 4, 1000);
      |                                                      ^~~~~~
      |                                                      |
      |                                                      char *
In file included from ../Core/Inc/stm32f7xx_hal_conf.h:415,
                 from ../Drivers/STM32F7xx_HAL_Driver/Inc/stm32f7xx_hal.h:29,
                 from ../Core/Inc/main.h:30,
                 from ../Core/Src/main.c:20:
../Drivers/STM32F7xx_HAL_Driver/Inc/stm32f7xx_hal_uart.h:1557:79: note: expected 'const uint8_t *' {aka 'const unsigned char *'} but argument is of type 'char *'
 1557 | HAL_StatusTypeDef HAL_UART_Transmit(UART_HandleTypeDef *huart, const uint8_t *pData, uint16_t Size, uint32_t Timeout);
      |                                                                ~~~~~~~~~~~~~~~^~~~~
arm-none-eabi-gcc -o "Lab3.elf" @"objects.list"   -mcpu=cortex-m7 -T"E:\3rd_Year\MAD\Lab\Lab3\STM32F767ZITX_FLASH.ld" --specs=nosys.specs -Wl,-Map="Lab3.map" -Wl,--gc-sections -static --specs=nano.specs -mfpu=fpv5-d16 -mfloat-abi=hard -mthumb -Wl,--start-group -lc -lm -Wl,--end-group
Finished building target: Lab3.elf
 
arm-none-eabi-size  Lab3.elf 
arm-none-eabi-objdump -h -S Lab3.elf  > "Lab3.list"
   text	   data	    bss	    dec	    hex	filename
  14724	     92	   2036	  16852	   41d4	Lab3.elf
Finished building: default.size.stdout
 
Finished building: Lab3.list
 
15:02:02 **** Incremental Build of configuration Debug for project Lab3 ****
make -j16 all 
arm-none-eabi-size  Lab3.elf 
   text	   data	    bss	    dec	    hex	filename
  14724	     92	   2036	  16852	   41d4	Lab3.elf
Finished building: default.size.stdout
 
15:06:45 **** Incremental Build of configuration Debug for project Lab3 ****
make -j16 all 
arm-none-eabi-gcc "../Core/Src/main.c" -mcpu=cortex-m7 -std=gnu11 -g3 -DDEBUG -DUSE_HAL_DRIVER -DSTM32F767xx -c -I../Core/Inc -I../Drivers/STM32F7xx_HAL_Driver/Inc -I../Drivers/STM32F7xx_HAL_Driver/Inc/Legacy -I../Drivers/CMSIS/Device/ST/STM32F7xx/Include -I../Drivers/CMSIS/Include -O0 -ffunction-sections -fdata-sections -Wall -fstack-usage -fcyclomatic-complexity -MMD -MP -MF"Core/Src/main.d" -MT"Core/Src/main.o" --specs=nano.specs -mfpu=fpv5-d16 -mfloat-abi=hard -mthumb -o "Core/Src/main.o"
../Core/Src/main.c: In function 'main':
../Core/Src/main.c:115:53: warning: pointer targets in passing argument 2 of 'HAL_UART_Transmit' differ in signedness [-Wpointer-sign]
  115 |                           HAL_UART_Transmit(&huart3,"QUIT", 10, 1000);
      |                                                     ^~~~~~
      |                                                     |
      |                                                     char *
In file included from ../Core/Inc/stm32f7xx_hal_conf.h:415,
                 from ../Drivers/STM32F7xx_HAL_Driver/Inc/stm32f7xx_hal.h:29,
                 from ../Core/Inc/main.h:30,
                 from ../Core/Src/main.c:20:
../Drivers/STM32F7xx_HAL_Driver/Inc/stm32f7xx_hal_uart.h:1557:79: note: expected 'const uint8_t *' {aka 'const unsigned char *'} but argument is of type 'char *'
 1557 | HAL_StatusTypeDef HAL_UART_Transmit(UART_HandleTypeDef *huart, const uint8_t *pData, uint16_t Size, uint32_t Timeout);
      |                                                                ~~~~~~~~~~~~~~~^~~~~
arm-none-eabi-gcc -o "Lab3.elf" @"objects.list"   -mcpu=cortex-m7 -T"E:\3rd_Year\MAD\Lab\Lab3\STM32F767ZITX_FLASH.ld" --specs=nosys.specs -Wl,-Map="Lab3.map" -Wl,--gc-sections -static --specs=nano.specs -mfpu=fpv5-d16 -mfloat-abi=hard -mthumb -Wl,--start-group -lc -lm -Wl,--end-group
Finished building target: Lab3.elf
 
arm-none-eabi-size  Lab3.elf 
arm-none-eabi-objdump -h -S Lab3.elf  > "Lab3.list"
   text	   data	    bss	    dec	    hex	filename
  14712	     92	   2036	  16840	   41c8	Lab3.elf
Finished building: default.size.stdout
 
Finished building: Lab3.list
 
15:06:48 **** Incremental Build of configuration Debug for project Lab3 ****
make -j16 all 
arm-none-eabi-size  Lab3.elf 
   text	   data	    bss	    dec	    hex	filename
  14712	     92	   2036	  16840	   41c8	Lab3.elf
Finished building: default.size.stdout
 
15:10:59 **** Incremental Build of configuration Debug for project Lab3 ****
make -j16 all 
arm-none-eabi-gcc "../Core/Src/main.c" -mcpu=cortex-m7 -std=gnu11 -g3 -DDEBUG -DUSE_HAL_DRIVER -DSTM32F767xx -c -I../Core/Inc -I../Drivers/STM32F7xx_HAL_Driver/Inc -I../Drivers/STM32F7xx_HAL_Driver/Inc/Legacy -I../Drivers/CMSIS/Device/ST/STM32F7xx/Include -I../Drivers/CMSIS/Include -O0 -ffunction-sections -fdata-sections -Wall -fstack-usage -fcyclomatic-complexity -MMD -MP -MF"Core/Src/main.d" -MT"Core/Src/main.o" --specs=nano.specs -mfpu=fpv5-d16 -mfloat-abi=hard -mthumb -o "Core/Src/main.o"
arm-none-eabi-gcc -o "Lab3.elf" @"objects.list"   -mcpu=cortex-m7 -T"E:\3rd_Year\MAD\Lab\Lab3\STM32F767ZITX_FLASH.ld" --specs=nosys.specs -Wl,-Map="Lab3.map" -Wl,--gc-sections -static --specs=nano.specs -mfpu=fpv5-d16 -mfloat-abi=hard -mthumb -Wl,--start-group -lc -lm -Wl,--end-group
Finished building target: Lab3.elf
 
arm-none-eabi-size  Lab3.elf 
arm-none-eabi-objdump -h -S Lab3.elf  > "Lab3.list"
   text	   data	    bss	    dec	    hex	filename
  14712	     92	   2036	  16840	   41c8	Lab3.elf
Finished building: default.size.stdout
 
Finished building: Lab3.list
 
15:11:11 **** Incremental Build of configuration Debug for project Lab3 ****
make -j16 all 
arm-none-eabi-size  Lab3.elf 
   text	   data	    bss	    dec	    hex	filename
  14712	     92	   2036	  16840	   41c8	Lab3.elf
Finished building: default.size.stdout
 
15:12:57 **** Incremental Build of configuration Debug for project Lab3 ****
make -j16 all 
arm-none-eabi-gcc "../Core/Src/main.c" -mcpu=cortex-m7 -std=gnu11 -g3 -DDEBUG -DUSE_HAL_DRIVER -DSTM32F767xx -c -I../Core/Inc -I../Drivers/STM32F7xx_HAL_Driver/Inc -I../Drivers/STM32F7xx_HAL_Driver/Inc/Legacy -I../Drivers/CMSIS/Device/ST/STM32F7xx/Include -I../Drivers/CMSIS/Include -O0 -ffunction-sections -fdata-sections -Wall -fstack-usage -fcyclomatic-complexity -MMD -MP -MF"Core/Src/main.d" -MT"Core/Src/main.o" --specs=nano.specs -mfpu=fpv5-d16 -mfloat-abi=hard -mthumb -o "Core/Src/main.o"
arm-none-eabi-gcc -o "Lab3.elf" @"objects.list"   -mcpu=cortex-m7 -T"E:\3rd_Year\MAD\Lab\Lab3\STM32F767ZITX_FLASH.ld" --specs=nosys.specs -Wl,-Map="Lab3.map" -Wl,--gc-sections -static --specs=nano.specs -mfpu=fpv5-d16 -mfloat-abi=hard -mthumb -Wl,--start-group -lc -lm -Wl,--end-group
Finished building target: Lab3.elf
 
arm-none-eabi-size  Lab3.elf 
arm-none-eabi-objdump -h -S Lab3.elf  > "Lab3.list"
   text	   data	    bss	    dec	    hex	filename
  14728	     92	   2036	  16856	   41d8	Lab3.elf
Finished building: default.size.stdout
 
Finished building: Lab3.list
 
15:13:52 **** Incremental Build of configuration Debug for project Lab3 ****
make -j16 all 
arm-none-eabi-gcc "../Core/Src/main.c" -mcpu=cortex-m7 -std=gnu11 -g3 -DDEBUG -DUSE_HAL_DRIVER -DSTM32F767xx -c -I../Core/Inc -I../Drivers/STM32F7xx_HAL_Driver/Inc -I../Drivers/STM32F7xx_HAL_Driver/Inc/Legacy -I../Drivers/CMSIS/Device/ST/STM32F7xx/Include -I../Drivers/CMSIS/Include -O0 -ffunction-sections -fdata-sections -Wall -fstack-usage -fcyclomatic-complexity -MMD -MP -MF"Core/Src/main.d" -MT"Core/Src/main.o" --specs=nano.specs -mfpu=fpv5-d16 -mfloat-abi=hard -mthumb -o "Core/Src/main.o"
arm-none-eabi-gcc -o "Lab3.elf" @"objects.list"   -mcpu=cortex-m7 -T"E:\3rd_Year\MAD\Lab\Lab3\STM32F767ZITX_FLASH.ld" --specs=nosys.specs -Wl,-Map="Lab3.map" -Wl,--gc-sections -static --specs=nano.specs -mfpu=fpv5-d16 -mfloat-abi=hard -mthumb -Wl,--start-group -lc -lm -Wl,--end-group
Finished building target: Lab3.elf
 
arm-none-eabi-size  Lab3.elf 
arm-none-eabi-objdump -h -S Lab3.elf  > "Lab3.list"
   text	   data	    bss	    dec	    hex	filename
  14724	     92	   2036	  16852	   41d4	Lab3.elf
Finished building: default.size.stdout
 
Finished building: Lab3.list
 
15:14:13 **** Incremental Build of configuration Debug for project Lab3 ****
make -j16 all 
arm-none-eabi-size  Lab3.elf 
   text	   data	    bss	    dec	    hex	filename
  14724	     92	   2036	  16852	   41d4	Lab3.elf
Finished building: default.size.stdout
 
15:17:52 **** Incremental Build of configuration Debug for project Lab3 ****
make -j16 all 
arm-none-eabi-gcc "../Core/Src/main.c" -mcpu=cortex-m7 -std=gnu11 -g3 -DDEBUG -DUSE_HAL_DRIVER -DSTM32F767xx -c -I../Core/Inc -I../Drivers/STM32F7xx_HAL_Driver/Inc -I../Drivers/STM32F7xx_HAL_Driver/Inc/Legacy -I../Drivers/CMSIS/Device/ST/STM32F7xx/Include -I../Drivers/CMSIS/Include -O0 -ffunction-sections -fdata-sections -Wall -fstack-usage -fcyclomatic-complexity -MMD -MP -MF"Core/Src/main.d" -MT"Core/Src/main.o" --specs=nano.specs -mfpu=fpv5-d16 -mfloat-abi=hard -mthumb -o "Core/Src/main.o"
../Core/Src/main.c: In function 'main':
../Core/Src/main.c:102:7: warning: variable 'isQ' set but not used [-Wunused-but-set-variable]
  102 |   int isQ = SET;
      |       ^~~
arm-none-eabi-gcc -o "Lab3.elf" @"objects.list"   -mcpu=cortex-m7 -T"E:\3rd_Year\MAD\Lab\Lab3\STM32F767ZITX_FLASH.ld" --specs=nosys.specs -Wl,-Map="Lab3.map" -Wl,--gc-sections -static --specs=nano.specs -mfpu=fpv5-d16 -mfloat-abi=hard -mthumb -Wl,--start-group -lc -lm -Wl,--end-group
Finished building target: Lab3.elf
 
arm-none-eabi-size  Lab3.elf 
arm-none-eabi-objdump -h -S Lab3.elf  > "Lab3.list"
   text	   data	    bss	    dec	    hex	filename
  14692	     92	   2036	  16820	   41b4	Lab3.elf
Finished building: default.size.stdout
 
Finished building: Lab3.list
 
15:22:12 **** Incremental Build of configuration Debug for project Lab3 ****
make -j16 all 
arm-none-eabi-gcc "../Core/Src/main.c" -mcpu=cortex-m7 -std=gnu11 -g3 -DDEBUG -DUSE_HAL_DRIVER -DSTM32F767xx -c -I../Core/Inc -I../Drivers/STM32F7xx_HAL_Driver/Inc -I../Drivers/STM32F7xx_HAL_Driver/Inc/Legacy -I../Drivers/CMSIS/Device/ST/STM32F7xx/Include -I../Drivers/CMSIS/Include -O0 -ffunction-sections -fdata-sections -Wall -fstack-usage -fcyclomatic-complexity -MMD -MP -MF"Core/Src/main.d" -MT"Core/Src/main.o" --specs=nano.specs -mfpu=fpv5-d16 -mfloat-abi=hard -mthumb -o "Core/Src/main.o"
arm-none-eabi-gcc -o "Lab3.elf" @"objects.list"   -mcpu=cortex-m7 -T"E:\3rd_Year\MAD\Lab\Lab3\STM32F767ZITX_FLASH.ld" --specs=nosys.specs -Wl,-Map="Lab3.map" -Wl,--gc-sections -static --specs=nano.specs -mfpu=fpv5-d16 -mfloat-abi=hard -mthumb -Wl,--start-group -lc -lm -Wl,--end-group
Finished building target: Lab3.elf
 
arm-none-eabi-size  Lab3.elf 
arm-none-eabi-objdump -h -S Lab3.elf  > "Lab3.list"
   text	   data	    bss	    dec	    hex	filename
  14684	     92	   2036	  16812	   41ac	Lab3.elf
Finished building: default.size.stdout
 
Finished building: Lab3.list
 
15:24:01 **** Incremental Build of configuration Debug for project Lab3 ****
make -j16 all 
arm-none-eabi-gcc "../Core/Src/main.c" -mcpu=cortex-m7 -std=gnu11 -g3 -DDEBUG -DUSE_HAL_DRIVER -DSTM32F767xx -c -I../Core/Inc -I../Drivers/STM32F7xx_HAL_Driver/Inc -I../Drivers/STM32F7xx_HAL_Driver/Inc/Legacy -I../Drivers/CMSIS/Device/ST/STM32F7xx/Include -I../Drivers/CMSIS/Include -O0 -ffunction-sections -fdata-sections -Wall -fstack-usage -fcyclomatic-complexity -MMD -MP -MF"Core/Src/main.d" -MT"Core/Src/main.o" --specs=nano.specs -mfpu=fpv5-d16 -mfloat-abi=hard -mthumb -o "Core/Src/main.o"
arm-none-eabi-gcc -o "Lab3.elf" @"objects.list"   -mcpu=cortex-m7 -T"E:\3rd_Year\MAD\Lab\Lab3\STM32F767ZITX_FLASH.ld" --specs=nosys.specs -Wl,-Map="Lab3.map" -Wl,--gc-sections -static --specs=nano.specs -mfpu=fpv5-d16 -mfloat-abi=hard -mthumb -Wl,--start-group -lc -lm -Wl,--end-group
Finished building target: Lab3.elf
 
arm-none-eabi-size  Lab3.elf 
arm-none-eabi-objdump -h -S Lab3.elf  > "Lab3.list"
   text	   data	    bss	    dec	    hex	filename
  14688	     92	   2036	  16816	   41b0	Lab3.elf
Finished building: default.size.stdout
 
Finished building: Lab3.list
 
15:25:39 **** Incremental Build of configuration Debug for project Lab3 ****
make -j16 all 
arm-none-eabi-gcc "../Core/Src/main.c" -mcpu=cortex-m7 -std=gnu11 -g3 -DDEBUG -DUSE_HAL_DRIVER -DSTM32F767xx -c -I../Core/Inc -I../Drivers/STM32F7xx_HAL_Driver/Inc -I../Drivers/STM32F7xx_HAL_Driver/Inc/Legacy -I../Drivers/CMSIS/Device/ST/STM32F7xx/Include -I../Drivers/CMSIS/Include -O0 -ffunction-sections -fdata-sections -Wall -fstack-usage -fcyclomatic-complexity -MMD -MP -MF"Core/Src/main.d" -MT"Core/Src/main.o" --specs=nano.specs -mfpu=fpv5-d16 -mfloat-abi=hard -mthumb -o "Core/Src/main.o"
arm-none-eabi-gcc -o "Lab3.elf" @"objects.list"   -mcpu=cortex-m7 -T"E:\3rd_Year\MAD\Lab\Lab3\STM32F767ZITX_FLASH.ld" --specs=nosys.specs -Wl,-Map="Lab3.map" -Wl,--gc-sections -static --specs=nano.specs -mfpu=fpv5-d16 -mfloat-abi=hard -mthumb -Wl,--start-group -lc -lm -Wl,--end-group
Finished building target: Lab3.elf
 
arm-none-eabi-size  Lab3.elf 
arm-none-eabi-objdump -h -S Lab3.elf  > "Lab3.list"
   text	   data	    bss	    dec	    hex	filename
  14688	     92	   2036	  16816	   41b0	Lab3.elf
Finished building: default.size.stdout
 
Finished building: Lab3.list
 
15:29:09 **** Incremental Build of configuration Debug for project Lab3 ****
make -j16 all 
arm-none-eabi-gcc "../Core/Src/main.c" -mcpu=cortex-m7 -std=gnu11 -g3 -DDEBUG -DUSE_HAL_DRIVER -DSTM32F767xx -c -I../Core/Inc -I../Drivers/STM32F7xx_HAL_Driver/Inc -I../Drivers/STM32F7xx_HAL_Driver/Inc/Legacy -I../Drivers/CMSIS/Device/ST/STM32F7xx/Include -I../Drivers/CMSIS/Include -O0 -ffunction-sections -fdata-sections -Wall -fstack-usage -fcyclomatic-complexity -MMD -MP -MF"Core/Src/main.d" -MT"Core/Src/main.o" --specs=nano.specs -mfpu=fpv5-d16 -mfloat-abi=hard -mthumb -o "Core/Src/main.o"
arm-none-eabi-gcc -o "Lab3.elf" @"objects.list"   -mcpu=cortex-m7 -T"E:\3rd_Year\MAD\Lab\Lab3\STM32F767ZITX_FLASH.ld" --specs=nosys.specs -Wl,-Map="Lab3.map" -Wl,--gc-sections -static --specs=nano.specs -mfpu=fpv5-d16 -mfloat-abi=hard -mthumb -Wl,--start-group -lc -lm -Wl,--end-group
Finished building target: Lab3.elf
 
arm-none-eabi-size  Lab3.elf 
arm-none-eabi-objdump -h -S Lab3.elf  > "Lab3.list"
   text	   data	    bss	    dec	    hex	filename
  14704	     92	   2036	  16832	   41c0	Lab3.elf
Finished building: default.size.stdout
 
Finished building: Lab3.list
 
15:30:22 **** Incremental Build of configuration Debug for project Lab3 ****
make -j16 all 
arm-none-eabi-gcc "../Core/Src/main.c" -mcpu=cortex-m7 -std=gnu11 -g3 -DDEBUG -DUSE_HAL_DRIVER -DSTM32F767xx -c -I../Core/Inc -I../Drivers/STM32F7xx_HAL_Driver/Inc -I../Drivers/STM32F7xx_HAL_Driver/Inc/Legacy -I../Drivers/CMSIS/Device/ST/STM32F7xx/Include -I../Drivers/CMSIS/Include -O0 -ffunction-sections -fdata-sections -Wall -fstack-usage -fcyclomatic-complexity -MMD -MP -MF"Core/Src/main.d" -MT"Core/Src/main.o" --specs=nano.specs -mfpu=fpv5-d16 -mfloat-abi=hard -mthumb -o "Core/Src/main.o"
arm-none-eabi-gcc -o "Lab3.elf" @"objects.list"   -mcpu=cortex-m7 -T"E:\3rd_Year\MAD\Lab\Lab3\STM32F767ZITX_FLASH.ld" --specs=nosys.specs -Wl,-Map="Lab3.map" -Wl,--gc-sections -static --specs=nano.specs -mfpu=fpv5-d16 -mfloat-abi=hard -mthumb -Wl,--start-group -lc -lm -Wl,--end-group
Finished building target: Lab3.elf
 
arm-none-eabi-size  Lab3.elf 
arm-none-eabi-objdump -h -S Lab3.elf  > "Lab3.list"
   text	   data	    bss	    dec	    hex	filename
  14728	     92	   2036	  16856	   41d8	Lab3.elf
Finished building: default.size.stdout
 
Finished building: Lab3.list
 
15:32:40 **** Incremental Build of configuration Debug for project Lab3 ****
make -j16 all 
arm-none-eabi-gcc "../Core/Src/main.c" -mcpu=cortex-m7 -std=gnu11 -g3 -DDEBUG -DUSE_HAL_DRIVER -DSTM32F767xx -c -I../Core/Inc -I../Drivers/STM32F7xx_HAL_Driver/Inc -I../Drivers/STM32F7xx_HAL_Driver/Inc/Legacy -I../Drivers/CMSIS/Device/ST/STM32F7xx/Include -I../Drivers/CMSIS/Include -O0 -ffunction-sections -fdata-sections -Wall -fstack-usage -fcyclomatic-complexity -MMD -MP -MF"Core/Src/main.d" -MT"Core/Src/main.o" --specs=nano.specs -mfpu=fpv5-d16 -mfloat-abi=hard -mthumb -o "Core/Src/main.o"
arm-none-eabi-gcc -o "Lab3.elf" @"objects.list"   -mcpu=cortex-m7 -T"E:\3rd_Year\MAD\Lab\Lab3\STM32F767ZITX_FLASH.ld" --specs=nosys.specs -Wl,-Map="Lab3.map" -Wl,--gc-sections -static --specs=nano.specs -mfpu=fpv5-d16 -mfloat-abi=hard -mthumb -Wl,--start-group -lc -lm -Wl,--end-group
Finished building target: Lab3.elf
 
arm-none-eabi-size  Lab3.elf 
arm-none-eabi-objdump -h -S Lab3.elf  > "Lab3.list"
   text	   data	    bss	    dec	    hex	filename
  14728	     92	   2036	  16856	   41d8	Lab3.elf
Finished building: default.size.stdout
 
Finished building: Lab3.list
 
15:37:15 **** Incremental Build of configuration Debug for project Lab3 ****
make -j16 all 
arm-none-eabi-gcc "../Core/Src/main.c" -mcpu=cortex-m7 -std=gnu11 -g3 -DDEBUG -DUSE_HAL_DRIVER -DSTM32F767xx -c -I../Core/Inc -I../Drivers/STM32F7xx_HAL_Driver/Inc -I../Drivers/STM32F7xx_HAL_Driver/Inc/Legacy -I../Drivers/CMSIS/Device/ST/STM32F7xx/Include -I../Drivers/CMSIS/Include -O0 -ffunction-sections -fdata-sections -Wall -fstack-usage -fcyclomatic-complexity -MMD -MP -MF"Core/Src/main.d" -MT"Core/Src/main.o" --specs=nano.specs -mfpu=fpv5-d16 -mfloat-abi=hard -mthumb -o "Core/Src/main.o"
arm-none-eabi-gcc -o "Lab3.elf" @"objects.list"   -mcpu=cortex-m7 -T"E:\3rd_Year\MAD\Lab\Lab3\STM32F767ZITX_FLASH.ld" --specs=nosys.specs -Wl,-Map="Lab3.map" -Wl,--gc-sections -static --specs=nano.specs -mfpu=fpv5-d16 -mfloat-abi=hard -mthumb -Wl,--start-group -lc -lm -Wl,--end-group
Finished building target: Lab3.elf
 
arm-none-eabi-size  Lab3.elf 
arm-none-eabi-objdump -h -S Lab3.elf  > "Lab3.list"
   text	   data	    bss	    dec	    hex	filename
  14728	     92	   2036	  16856	   41d8	Lab3.elf
Finished building: default.size.stdout
 
Finished building: Lab3.list
 
15:51:06 **** Build of configuration Debug for project Lab3 ****
make -j16 all 
arm-none-eabi-gcc "../Core/Src/gpio.c" -mcpu=cortex-m7 -std=gnu11 -g3 -DDEBUG -DUSE_HAL_DRIVER -DSTM32F767xx -c -I../Core/Inc -I../Drivers/STM32F7xx_HAL_Driver/Inc -I../Drivers/STM32F7xx_HAL_Driver/Inc/Legacy -I../Drivers/CMSIS/Device/ST/STM32F7xx/Include -I../Drivers/CMSIS/Include -O0 -ffunction-sections -fdata-sections -Wall -fstack-usage -fcyclomatic-complexity -MMD -MP -MF"Core/Src/gpio.d" -MT"Core/Src/gpio.o" --specs=nano.specs -mfpu=fpv5-d16 -mfloat-abi=hard -mthumb -o "Core/Src/gpio.o"
arm-none-eabi-gcc "../Core/Src/main.c" -mcpu=cortex-m7 -std=gnu11 -g3 -DDEBUG -DUSE_HAL_DRIVER -DSTM32F767xx -c -I../Core/Inc -I../Drivers/STM32F7xx_HAL_Driver/Inc -I../Drivers/STM32F7xx_HAL_Driver/Inc/Legacy -I../Drivers/CMSIS/Device/ST/STM32F7xx/Include -I../Drivers/CMSIS/Include -O0 -ffunction-sections -fdata-sections -Wall -fstack-usage -fcyclomatic-complexity -MMD -MP -MF"Core/Src/main.d" -MT"Core/Src/main.o" --specs=nano.specs -mfpu=fpv5-d16 -mfloat-abi=hard -mthumb -o "Core/Src/main.o"
../Core/Src/main.c: In function 'main':
../Core/Src/main.c:111:10: error: implicit declaration of function 'HAL_UART_CLEAR_FLAG'; did you mean 'HAL_UART_ERROR_FE'? [-Wimplicit-function-declaration]
  111 |          HAL_UART_CLEAR_FLAG(&huart3, UART_CLEAR_OREF);  // clear overrun
      |          ^~~~~~~~~~~~~~~~~~~
      |          HAL_UART_ERROR_FE
../Core/Src/main.c:116:20: error: implicit declaration of function 'snprintf' [-Wimplicit-function-declaration]
  116 |          int len = snprintf(str, sizeof(str), "Input => %c\r\n", ch1);
      |                    ^~~~~~~~
../Core/Src/main.c:23:1: note: include '<stdio.h>' or provide a declaration of 'snprintf'
   22 | #include "gpio.h"
  +++ |+#include <stdio.h>
   23 | 
../Core/Src/main.c:116:20: warning: incompatible implicit declaration of built-in function 'snprintf' [-Wbuiltin-declaration-mismatch]
  116 |          int len = snprintf(str, sizeof(str), "Input => %c\r\n", ch1);
      |                    ^~~~~~~~
../Core/Src/main.c:116:20: note: include '<stdio.h>' or provide a declaration of 'snprintf'
../Core/Src/main.c:118:22: error: implicit declaration of function 'HAL_UART_GET_FLAG' [-Wimplicit-function-declaration]
  118 |               while (HAL_UART_GET_FLAG(&huart3, UART_FLAG_TC) == RESET) {}
      |                      ^~~~~~~~~~~~~~~~~
../Core/Src/main.c:119:41: warning: cast from pointer to integer of different size [-Wpointer-to-int-cast]
  119 |               HAL_UART_Transmit(&huart3,(uint8_t)"QUIT\r\n", 6, 1000);
      |                                         ^
../Core/Src/main.c:119:41: error: passing argument 2 of 'HAL_UART_Transmit' makes pointer from integer without a cast [-Wint-conversion]
  119 |               HAL_UART_Transmit(&huart3,(uint8_t)"QUIT\r\n", 6, 1000);
      |                                         ^~~~~~~~~~~~~~~~~~~
      |                                         |
      |                                         unsigned char
In file included from ../Core/Inc/stm32f7xx_hal_conf.h:415,
                 from ../Drivers/STM32F7xx_HAL_Driver/Inc/stm32f7xx_hal.h:29,
                 from ../Core/Inc/main.h:30,
                 from ../Core/Src/main.c:20:
../Drivers/STM32F7xx_HAL_Driver/Inc/stm32f7xx_hal_uart.h:1557:79: note: expected 'const uint8_t *' {aka 'const unsigned char *'} but argument is of type 'unsigned char'
 1557 | HAL_StatusTypeDef HAL_UART_Transmit(UART_HandleTypeDef *huart, const uint8_t *pData, uint16_t Size, uint32_t Timeout);
      |                                                                ~~~~~~~~~~~~~~~^~~~~
../Core/Src/main.c:123:23: warning: comparison between pointer and integer
  123 |          else if (ch1 == "1") { // 1
      |                       ^~
../Core/Src/main.c:123:23: warning: comparison with string literal results in unspecified behavior [-Waddress]
../Core/Src/main.c:131:23: warning: comparison between pointer and integer
  131 |          else if (ch1 == "2") { // 2
      |                       ^~
../Core/Src/main.c:131:23: warning: comparison with string literal results in unspecified behavior [-Waddress]
../Core/Src/main.c:139:23: warning: comparison between pointer and integer
  139 |          else if (ch1 == "m") { // m
      |                       ^~
../Core/Src/main.c:139:23: warning: comparison with string literal results in unspecified behavior [-Waddress]
../Core/Src/main.c:141:41: warning: cast from pointer to integer of different size [-Wpointer-to-int-cast]
  141 |              HAL_UART_Transmit(&huart3, (uint8_t)unk, len, 1000);
      |                                         ^
../Core/Src/main.c:141:41: error: passing argument 2 of 'HAL_UART_Transmit' makes pointer from integer without a cast [-Wint-conversion]
  141 |              HAL_UART_Transmit(&huart3, (uint8_t)unk, len, 1000);
      |                                         ^~~~~~~~~~~~
      |                                         |
      |                                         unsigned char
../Drivers/STM32F7xx_HAL_Driver/Inc/stm32f7xx_hal_uart.h:1557:79: note: expected 'const uint8_t *' {aka 'const unsigned char *'} but argument is of type 'unsigned char'
 1557 | HAL_StatusTypeDef HAL_UART_Transmit(UART_HandleTypeDef *huart, const uint8_t *pData, uint16_t Size, uint32_t Timeout);
      |                                                                ~~~~~~~~~~~~~~~^~~~~
../Core/Src/main.c:145:42: warning: cast from pointer to integer of different size [-Wpointer-to-int-cast]
  145 |               HAL_UART_Transmit(&huart3, (uint8_t)name, len, 1000);
      |                                          ^
../Core/Src/main.c:145:42: error: passing argument 2 of 'HAL_UART_Transmit' makes pointer from integer without a cast [-Wint-conversion]
  145 |               HAL_UART_Transmit(&huart3, (uint8_t)name, len, 1000);
      |                                          ^~~~~~~~~~~~~
      |                                          |
      |                                          unsigned char
../Drivers/STM32F7xx_HAL_Driver/Inc/stm32f7xx_hal_uart.h:1557:79: note: expected 'const uint8_t *' {aka 'const unsigned char *'} but argument is of type 'unsigned char'
 1557 | HAL_StatusTypeDef HAL_UART_Transmit(UART_HandleTypeDef *huart, const uint8_t *pData, uint16_t Size, uint32_t Timeout);
      |                                                                ~~~~~~~~~~~~~~~^~~~~
../Core/Src/main.c:96:7: warning: variable 'isQuit' set but not used [-Wunused-but-set-variable]
   96 |   int isQuit = 0;
      |       ^~~~~~
make: *** [Core/Src/subdir.mk:40: Core/Src/main.o] Error 1
make: *** Waiting for unfinished jobs....
"make -j16 all" terminated with exit code 2. Build might be incomplete.
15:51:36 **** Incremental Build of configuration Debug for project Lab3 ****
make -j16 all 
arm-none-eabi-gcc "../Core/Src/main.c" -mcpu=cortex-m7 -std=gnu11 -g3 -DDEBUG -DUSE_HAL_DRIVER -DSTM32F767xx -c -I../Core/Inc -I../Drivers/STM32F7xx_HAL_Driver/Inc -I../Drivers/STM32F7xx_HAL_Driver/Inc/Legacy -I../Drivers/CMSIS/Device/ST/STM32F7xx/Include -I../Drivers/CMSIS/Include -O0 -ffunction-sections -fdata-sections -Wall -fstack-usage -fcyclomatic-complexity -MMD -MP -MF"Core/Src/main.d" -MT"Core/Src/main.o" --specs=nano.specs -mfpu=fpv5-d16 -mfloat-abi=hard -mthumb -o "Core/Src/main.o"
../Core/Src/main.c: In function 'main':
../Core/Src/main.c:111:10: error: implicit declaration of function 'HAL_UART_CLEAR_FLAG'; did you mean 'HAL_UART_ERROR_FE'? [-Wimplicit-function-declaration]
  111 |          HAL_UART_CLEAR_FLAG(&huart3, UART_CLEAR_OREF);  // clear overrun
      |          ^~~~~~~~~~~~~~~~~~~
      |          HAL_UART_ERROR_FE
../Core/Src/main.c:116:20: error: implicit declaration of function 'snprintf' [-Wimplicit-function-declaration]
  116 |          int len = snprintf(str, sizeof(str), "Input => %c\r\n", ch1);
      |                    ^~~~~~~~
../Core/Src/main.c:23:1: note: include '<stdio.h>' or provide a declaration of 'snprintf'
   22 | #include "gpio.h"
  +++ |+#include <stdio.h>
   23 | 
../Core/Src/main.c:116:20: warning: incompatible implicit declaration of built-in function 'snprintf' [-Wbuiltin-declaration-mismatch]
  116 |          int len = snprintf(str, sizeof(str), "Input => %c\r\n", ch1);
      |                    ^~~~~~~~
../Core/Src/main.c:116:20: note: include '<stdio.h>' or provide a declaration of 'snprintf'
../Core/Src/main.c:118:22: error: implicit declaration of function 'HAL_UART_GET_FLAG' [-Wimplicit-function-declaration]
  118 |               while (HAL_UART_GET_FLAG(&huart3, UART_FLAG_TC) == RESET) {}
      |                      ^~~~~~~~~~~~~~~~~
../Core/Src/main.c:119:41: warning: cast from pointer to integer of different size [-Wpointer-to-int-cast]
  119 |               HAL_UART_Transmit(&huart3,(uint8_t)"QUIT\r\n", 6, 1000);
      |                                         ^
../Core/Src/main.c:119:41: error: passing argument 2 of 'HAL_UART_Transmit' makes pointer from integer without a cast [-Wint-conversion]
  119 |               HAL_UART_Transmit(&huart3,(uint8_t)"QUIT\r\n", 6, 1000);
      |                                         ^~~~~~~~~~~~~~~~~~~
      |                                         |
      |                                         unsigned char
In file included from ../Core/Inc/stm32f7xx_hal_conf.h:415,
                 from ../Drivers/STM32F7xx_HAL_Driver/Inc/stm32f7xx_hal.h:29,
                 from ../Core/Inc/main.h:30,
                 from ../Core/Src/main.c:20:
../Drivers/STM32F7xx_HAL_Driver/Inc/stm32f7xx_hal_uart.h:1557:79: note: expected 'const uint8_t *' {aka 'const unsigned char *'} but argument is of type 'unsigned char'
 1557 | HAL_StatusTypeDef HAL_UART_Transmit(UART_HandleTypeDef *huart, const uint8_t *pData, uint16_t Size, uint32_t Timeout);
      |                                                                ~~~~~~~~~~~~~~~^~~~~
../Core/Src/main.c:123:23: warning: comparison between pointer and integer
  123 |          else if (ch1 == "1") { // 1
      |                       ^~
../Core/Src/main.c:123:23: warning: comparison with string literal results in unspecified behavior [-Waddress]
../Core/Src/main.c:131:23: warning: comparison between pointer and integer
  131 |          else if (ch1 == "2") { // 2
      |                       ^~
../Core/Src/main.c:131:23: warning: comparison with string literal results in unspecified behavior [-Waddress]
../Core/Src/main.c:139:23: warning: comparison between pointer and integer
  139 |          else if (ch1 == "m") { // m
      |                       ^~
../Core/Src/main.c:139:23: warning: comparison with string literal results in unspecified behavior [-Waddress]
../Core/Src/main.c:141:41: warning: cast from pointer to integer of different size [-Wpointer-to-int-cast]
  141 |              HAL_UART_Transmit(&huart3, (uint8_t)unk, len, 1000);
      |                                         ^
../Core/Src/main.c:141:41: error: passing argument 2 of 'HAL_UART_Transmit' makes pointer from integer without a cast [-Wint-conversion]
  141 |              HAL_UART_Transmit(&huart3, (uint8_t)unk, len, 1000);
      |                                         ^~~~~~~~~~~~
      |                                         |
      |                                         unsigned char
../Drivers/STM32F7xx_HAL_Driver/Inc/stm32f7xx_hal_uart.h:1557:79: note: expected 'const uint8_t *' {aka 'const unsigned char *'} but argument is of type 'unsigned char'
 1557 | HAL_StatusTypeDef HAL_UART_Transmit(UART_HandleTypeDef *huart, const uint8_t *pData, uint16_t Size, uint32_t Timeout);
      |                                                                ~~~~~~~~~~~~~~~^~~~~
../Core/Src/main.c:145:42: warning: cast from pointer to integer of different size [-Wpointer-to-int-cast]
  145 |               HAL_UART_Transmit(&huart3, (uint8_t)name, len, 1000);
      |                                          ^
../Core/Src/main.c:145:42: error: passing argument 2 of 'HAL_UART_Transmit' makes pointer from integer without a cast [-Wint-conversion]
  145 |               HAL_UART_Transmit(&huart3, (uint8_t)name, len, 1000);
      |                                          ^~~~~~~~~~~~~
      |                                          |
      |                                          unsigned char
../Drivers/STM32F7xx_HAL_Driver/Inc/stm32f7xx_hal_uart.h:1557:79: note: expected 'const uint8_t *' {aka 'const unsigned char *'} but argument is of type 'unsigned char'
 1557 | HAL_StatusTypeDef HAL_UART_Transmit(UART_HandleTypeDef *huart, const uint8_t *pData, uint16_t Size, uint32_t Timeout);
      |                                                                ~~~~~~~~~~~~~~~^~~~~
../Core/Src/main.c:96:7: warning: variable 'isQuit' set but not used [-Wunused-but-set-variable]
   96 |   int isQuit = 0;
      |       ^~~~~~
make: *** [Core/Src/subdir.mk:40: Core/Src/main.o] Error 1
"make -j16 all" terminated with exit code 2. Build might be incomplete.
15:54:38 **** Incremental Build of configuration Debug for project Lab3 ****
make -j16 all 
arm-none-eabi-gcc "../Drivers/STM32F7xx_HAL_Driver/Src/stm32f7xx_hal.c" -mcpu=cortex-m7 -std=gnu11 -g3 -DDEBUG -DUSE_HAL_DRIVER -DSTM32F767xx -c -I../Core/Inc -I../Drivers/STM32F7xx_HAL_Driver/Inc -I../Drivers/STM32F7xx_HAL_Driver/Inc/Legacy -I../Drivers/CMSIS/Device/ST/STM32F7xx/Include -I../Drivers/CMSIS/Include -O0 -ffunction-sections -fdata-sections -Wall -fstack-usage -fcyclomatic-complexity -MMD -MP -MF"Drivers/STM32F7xx_HAL_Driver/Src/stm32f7xx_hal.d" -MT"Drivers/STM32F7xx_HAL_Driver/Src/stm32f7xx_hal.o" --specs=nano.specs -mfpu=fpv5-d16 -mfloat-abi=hard -mthumb -o "Drivers/STM32F7xx_HAL_Driver/Src/stm32f7xx_hal.o"
arm-none-eabi-gcc "../Drivers/STM32F7xx_HAL_Driver/Src/stm32f7xx_hal_cortex.c" -mcpu=cortex-m7 -std=gnu11 -g3 -DDEBUG -DUSE_HAL_DRIVER -DSTM32F767xx -c -I../Core/Inc -I../Drivers/STM32F7xx_HAL_Driver/Inc -I../Drivers/STM32F7xx_HAL_Driver/Inc/Legacy -I../Drivers/CMSIS/Device/ST/STM32F7xx/Include -I../Drivers/CMSIS/Include -O0 -ffunction-sections -fdata-sections -Wall -fstack-usage -fcyclomatic-complexity -MMD -MP -MF"Drivers/STM32F7xx_HAL_Driver/Src/stm32f7xx_hal_cortex.d" -MT"Drivers/STM32F7xx_HAL_Driver/Src/stm32f7xx_hal_cortex.o" --specs=nano.specs -mfpu=fpv5-d16 -mfloat-abi=hard -mthumb -o "Drivers/STM32F7xx_HAL_Driver/Src/stm32f7xx_hal_cortex.o"
arm-none-eabi-gcc "../Drivers/STM32F7xx_HAL_Driver/Src/stm32f7xx_hal_dma.c" -mcpu=cortex-m7 -std=gnu11 -g3 -DDEBUG -DUSE_HAL_DRIVER -DSTM32F767xx -c -I../Core/Inc -I../Drivers/STM32F7xx_HAL_Driver/Inc -I../Drivers/STM32F7xx_HAL_Driver/Inc/Legacy -I../Drivers/CMSIS/Device/ST/STM32F7xx/Include -I../Drivers/CMSIS/Include -O0 -ffunction-sections -fdata-sections -Wall -fstack-usage -fcyclomatic-complexity -MMD -MP -MF"Drivers/STM32F7xx_HAL_Driver/Src/stm32f7xx_hal_dma.d" -MT"Drivers/STM32F7xx_HAL_Driver/Src/stm32f7xx_hal_dma.o" --specs=nano.specs -mfpu=fpv5-d16 -mfloat-abi=hard -mthumb -o "Drivers/STM32F7xx_HAL_Driver/Src/stm32f7xx_hal_dma.o"
arm-none-eabi-gcc "../Drivers/STM32F7xx_HAL_Driver/Src/stm32f7xx_hal_dma_ex.c" -mcpu=cortex-m7 -std=gnu11 -g3 -DDEBUG -DUSE_HAL_DRIVER -DSTM32F767xx -c -I../Core/Inc -I../Drivers/STM32F7xx_HAL_Driver/Inc -I../Drivers/STM32F7xx_HAL_Driver/Inc/Legacy -I../Drivers/CMSIS/Device/ST/STM32F7xx/Include -I../Drivers/CMSIS/Include -O0 -ffunction-sections -fdata-sections -Wall -fstack-usage -fcyclomatic-complexity -MMD -MP -MF"Drivers/STM32F7xx_HAL_Driver/Src/stm32f7xx_hal_dma_ex.d" -MT"Drivers/STM32F7xx_HAL_Driver/Src/stm32f7xx_hal_dma_ex.o" --specs=nano.specs -mfpu=fpv5-d16 -mfloat-abi=hard -mthumb -o "Drivers/STM32F7xx_HAL_Driver/Src/stm32f7xx_hal_dma_ex.o"
arm-none-eabi-gcc "../Drivers/STM32F7xx_HAL_Driver/Src/stm32f7xx_hal_exti.c" -mcpu=cortex-m7 -std=gnu11 -g3 -DDEBUG -DUSE_HAL_DRIVER -DSTM32F767xx -c -I../Core/Inc -I../Drivers/STM32F7xx_HAL_Driver/Inc -I../Drivers/STM32F7xx_HAL_Driver/Inc/Legacy -I../Drivers/CMSIS/Device/ST/STM32F7xx/Include -I../Drivers/CMSIS/Include -O0 -ffunction-sections -fdata-sections -Wall -fstack-usage -fcyclomatic-complexity -MMD -MP -MF"Drivers/STM32F7xx_HAL_Driver/Src/stm32f7xx_hal_exti.d" -MT"Drivers/STM32F7xx_HAL_Driver/Src/stm32f7xx_hal_exti.o" --specs=nano.specs -mfpu=fpv5-d16 -mfloat-abi=hard -mthumb -o "Drivers/STM32F7xx_HAL_Driver/Src/stm32f7xx_hal_exti.o"
arm-none-eabi-gcc "../Drivers/STM32F7xx_HAL_Driver/Src/stm32f7xx_hal_flash.c" -mcpu=cortex-m7 -std=gnu11 -g3 -DDEBUG -DUSE_HAL_DRIVER -DSTM32F767xx -c -I../Core/Inc -I../Drivers/STM32F7xx_HAL_Driver/Inc -I../Drivers/STM32F7xx_HAL_Driver/Inc/Legacy -I../Drivers/CMSIS/Device/ST/STM32F7xx/Include -I../Drivers/CMSIS/Include -O0 -ffunction-sections -fdata-sections -Wall -fstack-usage -fcyclomatic-complexity -MMD -MP -MF"Drivers/STM32F7xx_HAL_Driver/Src/stm32f7xx_hal_flash.d" -MT"Drivers/STM32F7xx_HAL_Driver/Src/stm32f7xx_hal_flash.o" --specs=nano.specs -mfpu=fpv5-d16 -mfloat-abi=hard -mthumb -o "Drivers/STM32F7xx_HAL_Driver/Src/stm32f7xx_hal_flash.o"
arm-none-eabi-gcc "../Drivers/STM32F7xx_HAL_Driver/Src/stm32f7xx_hal_flash_ex.c" -mcpu=cortex-m7 -std=gnu11 -g3 -DDEBUG -DUSE_HAL_DRIVER -DSTM32F767xx -c -I../Core/Inc -I../Drivers/STM32F7xx_HAL_Driver/Inc -I../Drivers/STM32F7xx_HAL_Driver/Inc/Legacy -I../Drivers/CMSIS/Device/ST/STM32F7xx/Include -I../Drivers/CMSIS/Include -O0 -ffunction-sections -fdata-sections -Wall -fstack-usage -fcyclomatic-complexity -MMD -MP -MF"Drivers/STM32F7xx_HAL_Driver/Src/stm32f7xx_hal_flash_ex.d" -MT"Drivers/STM32F7xx_HAL_Driver/Src/stm32f7xx_hal_flash_ex.o" --specs=nano.specs -mfpu=fpv5-d16 -mfloat-abi=hard -mthumb -o "Drivers/STM32F7xx_HAL_Driver/Src/stm32f7xx_hal_flash_ex.o"
arm-none-eabi-gcc "../Drivers/STM32F7xx_HAL_Driver/Src/stm32f7xx_hal_gpio.c" -mcpu=cortex-m7 -std=gnu11 -g3 -DDEBUG -DUSE_HAL_DRIVER -DSTM32F767xx -c -I../Core/Inc -I../Drivers/STM32F7xx_HAL_Driver/Inc -I../Drivers/STM32F7xx_HAL_Driver/Inc/Legacy -I../Drivers/CMSIS/Device/ST/STM32F7xx/Include -I../Drivers/CMSIS/Include -O0 -ffunction-sections -fdata-sections -Wall -fstack-usage -fcyclomatic-complexity -MMD -MP -MF"Drivers/STM32F7xx_HAL_Driver/Src/stm32f7xx_hal_gpio.d" -MT"Drivers/STM32F7xx_HAL_Driver/Src/stm32f7xx_hal_gpio.o" --specs=nano.specs -mfpu=fpv5-d16 -mfloat-abi=hard -mthumb -o "Drivers/STM32F7xx_HAL_Driver/Src/stm32f7xx_hal_gpio.o"
arm-none-eabi-gcc "../Drivers/STM32F7xx_HAL_Driver/Src/stm32f7xx_hal_i2c.c" -mcpu=cortex-m7 -std=gnu11 -g3 -DDEBUG -DUSE_HAL_DRIVER -DSTM32F767xx -c -I../Core/Inc -I../Drivers/STM32F7xx_HAL_Driver/Inc -I../Drivers/STM32F7xx_HAL_Driver/Inc/Legacy -I../Drivers/CMSIS/Device/ST/STM32F7xx/Include -I../Drivers/CMSIS/Include -O0 -ffunction-sections -fdata-sections -Wall -fstack-usage -fcyclomatic-complexity -MMD -MP -MF"Drivers/STM32F7xx_HAL_Driver/Src/stm32f7xx_hal_i2c.d" -MT"Drivers/STM32F7xx_HAL_Driver/Src/stm32f7xx_hal_i2c.o" --specs=nano.specs -mfpu=fpv5-d16 -mfloat-abi=hard -mthumb -o "Drivers/STM32F7xx_HAL_Driver/Src/stm32f7xx_hal_i2c.o"
arm-none-eabi-gcc "../Drivers/STM32F7xx_HAL_Driver/Src/stm32f7xx_hal_i2c_ex.c" -mcpu=cortex-m7 -std=gnu11 -g3 -DDEBUG -DUSE_HAL_DRIVER -DSTM32F767xx -c -I../Core/Inc -I../Drivers/STM32F7xx_HAL_Driver/Inc -I../Drivers/STM32F7xx_HAL_Driver/Inc/Legacy -I../Drivers/CMSIS/Device/ST/STM32F7xx/Include -I../Drivers/CMSIS/Include -O0 -ffunction-sections -fdata-sections -Wall -fstack-usage -fcyclomatic-complexity -MMD -MP -MF"Drivers/STM32F7xx_HAL_Driver/Src/stm32f7xx_hal_i2c_ex.d" -MT"Drivers/STM32F7xx_HAL_Driver/Src/stm32f7xx_hal_i2c_ex.o" --specs=nano.specs -mfpu=fpv5-d16 -mfloat-abi=hard -mthumb -o "Drivers/STM32F7xx_HAL_Driver/Src/stm32f7xx_hal_i2c_ex.o"
arm-none-eabi-gcc "../Drivers/STM32F7xx_HAL_Driver/Src/stm32f7xx_hal_pwr.c" -mcpu=cortex-m7 -std=gnu11 -g3 -DDEBUG -DUSE_HAL_DRIVER -DSTM32F767xx -c -I../Core/Inc -I../Drivers/STM32F7xx_HAL_Driver/Inc -I../Drivers/STM32F7xx_HAL_Driver/Inc/Legacy -I../Drivers/CMSIS/Device/ST/STM32F7xx/Include -I../Drivers/CMSIS/Include -O0 -ffunction-sections -fdata-sections -Wall -fstack-usage -fcyclomatic-complexity -MMD -MP -MF"Drivers/STM32F7xx_HAL_Driver/Src/stm32f7xx_hal_pwr.d" -MT"Drivers/STM32F7xx_HAL_Driver/Src/stm32f7xx_hal_pwr.o" --specs=nano.specs -mfpu=fpv5-d16 -mfloat-abi=hard -mthumb -o "Drivers/STM32F7xx_HAL_Driver/Src/stm32f7xx_hal_pwr.o"
arm-none-eabi-gcc "../Drivers/STM32F7xx_HAL_Driver/Src/stm32f7xx_hal_pwr_ex.c" -mcpu=cortex-m7 -std=gnu11 -g3 -DDEBUG -DUSE_HAL_DRIVER -DSTM32F767xx -c -I../Core/Inc -I../Drivers/STM32F7xx_HAL_Driver/Inc -I../Drivers/STM32F7xx_HAL_Driver/Inc/Legacy -I../Drivers/CMSIS/Device/ST/STM32F7xx/Include -I../Drivers/CMSIS/Include -O0 -ffunction-sections -fdata-sections -Wall -fstack-usage -fcyclomatic-complexity -MMD -MP -MF"Drivers/STM32F7xx_HAL_Driver/Src/stm32f7xx_hal_pwr_ex.d" -MT"Drivers/STM32F7xx_HAL_Driver/Src/stm32f7xx_hal_pwr_ex.o" --specs=nano.specs -mfpu=fpv5-d16 -mfloat-abi=hard -mthumb -o "Drivers/STM32F7xx_HAL_Driver/Src/stm32f7xx_hal_pwr_ex.o"
arm-none-eabi-gcc "../Drivers/STM32F7xx_HAL_Driver/Src/stm32f7xx_hal_rcc.c" -mcpu=cortex-m7 -std=gnu11 -g3 -DDEBUG -DUSE_HAL_DRIVER -DSTM32F767xx -c -I../Core/Inc -I../Drivers/STM32F7xx_HAL_Driver/Inc -I../Drivers/STM32F7xx_HAL_Driver/Inc/Legacy -I../Drivers/CMSIS/Device/ST/STM32F7xx/Include -I../Drivers/CMSIS/Include -O0 -ffunction-sections -fdata-sections -Wall -fstack-usage -fcyclomatic-complexity -MMD -MP -MF"Drivers/STM32F7xx_HAL_Driver/Src/stm32f7xx_hal_rcc.d" -MT"Drivers/STM32F7xx_HAL_Driver/Src/stm32f7xx_hal_rcc.o" --specs=nano.specs -mfpu=fpv5-d16 -mfloat-abi=hard -mthumb -o "Drivers/STM32F7xx_HAL_Driver/Src/stm32f7xx_hal_rcc.o"
arm-none-eabi-gcc "../Drivers/STM32F7xx_HAL_Driver/Src/stm32f7xx_hal_rcc_ex.c" -mcpu=cortex-m7 -std=gnu11 -g3 -DDEBUG -DUSE_HAL_DRIVER -DSTM32F767xx -c -I../Core/Inc -I../Drivers/STM32F7xx_HAL_Driver/Inc -I../Drivers/STM32F7xx_HAL_Driver/Inc/Legacy -I../Drivers/CMSIS/Device/ST/STM32F7xx/Include -I../Drivers/CMSIS/Include -O0 -ffunction-sections -fdata-sections -Wall -fstack-usage -fcyclomatic-complexity -MMD -MP -MF"Drivers/STM32F7xx_HAL_Driver/Src/stm32f7xx_hal_rcc_ex.d" -MT"Drivers/STM32F7xx_HAL_Driver/Src/stm32f7xx_hal_rcc_ex.o" --specs=nano.specs -mfpu=fpv5-d16 -mfloat-abi=hard -mthumb -o "Drivers/STM32F7xx_HAL_Driver/Src/stm32f7xx_hal_rcc_ex.o"
arm-none-eabi-gcc "../Drivers/STM32F7xx_HAL_Driver/Src/stm32f7xx_hal_uart.c" -mcpu=cortex-m7 -std=gnu11 -g3 -DDEBUG -DUSE_HAL_DRIVER -DSTM32F767xx -c -I../Core/Inc -I../Drivers/STM32F7xx_HAL_Driver/Inc -I../Drivers/STM32F7xx_HAL_Driver/Inc/Legacy -I../Drivers/CMSIS/Device/ST/STM32F7xx/Include -I../Drivers/CMSIS/Include -O0 -ffunction-sections -fdata-sections -Wall -fstack-usage -fcyclomatic-complexity -MMD -MP -MF"Drivers/STM32F7xx_HAL_Driver/Src/stm32f7xx_hal_uart.d" -MT"Drivers/STM32F7xx_HAL_Driver/Src/stm32f7xx_hal_uart.o" --specs=nano.specs -mfpu=fpv5-d16 -mfloat-abi=hard -mthumb -o "Drivers/STM32F7xx_HAL_Driver/Src/stm32f7xx_hal_uart.o"
arm-none-eabi-gcc "../Drivers/STM32F7xx_HAL_Driver/Src/stm32f7xx_hal_uart_ex.c" -mcpu=cortex-m7 -std=gnu11 -g3 -DDEBUG -DUSE_HAL_DRIVER -DSTM32F767xx -c -I../Core/Inc -I../Drivers/STM32F7xx_HAL_Driver/Inc -I../Drivers/STM32F7xx_HAL_Driver/Inc/Legacy -I../Drivers/CMSIS/Device/ST/STM32F7xx/Include -I../Drivers/CMSIS/Include -O0 -ffunction-sections -fdata-sections -Wall -fstack-usage -fcyclomatic-complexity -MMD -MP -MF"Drivers/STM32F7xx_HAL_Driver/Src/stm32f7xx_hal_uart_ex.d" -MT"Drivers/STM32F7xx_HAL_Driver/Src/stm32f7xx_hal_uart_ex.o" --specs=nano.specs -mfpu=fpv5-d16 -mfloat-abi=hard -mthumb -o "Drivers/STM32F7xx_HAL_Driver/Src/stm32f7xx_hal_uart_ex.o"
arm-none-eabi-gcc -mcpu=cortex-m7 -g3 -DDEBUG -c -x assembler-with-cpp -MMD -MP -MF"Core/Startup/startup_stm32f767zitx.d" -MT"Core/Startup/startup_stm32f767zitx.o" --specs=nano.specs -mfpu=fpv5-d16 -mfloat-abi=hard -mthumb -o "Core/Startup/startup_stm32f767zitx.o" "../Core/Startup/startup_stm32f767zitx.s"
arm-none-eabi-gcc "../Core/Src/gpio.c" -mcpu=cortex-m7 -std=gnu11 -g3 -DDEBUG -DUSE_HAL_DRIVER -DSTM32F767xx -c -I../Core/Inc -I../Drivers/STM32F7xx_HAL_Driver/Inc -I../Drivers/STM32F7xx_HAL_Driver/Inc/Legacy -I../Drivers/CMSIS/Device/ST/STM32F7xx/Include -I../Drivers/CMSIS/Include -O0 -ffunction-sections -fdata-sections -Wall -fstack-usage -fcyclomatic-complexity -MMD -MP -MF"Core/Src/gpio.d" -MT"Core/Src/gpio.o" --specs=nano.specs -mfpu=fpv5-d16 -mfloat-abi=hard -mthumb -o "Core/Src/gpio.o"
arm-none-eabi-gcc "../Core/Src/main.c" -mcpu=cortex-m7 -std=gnu11 -g3 -DDEBUG -DUSE_HAL_DRIVER -DSTM32F767xx -c -I../Core/Inc -I../Drivers/STM32F7xx_HAL_Driver/Inc -I../Drivers/STM32F7xx_HAL_Driver/Inc/Legacy -I../Drivers/CMSIS/Device/ST/STM32F7xx/Include -I../Drivers/CMSIS/Include -O0 -ffunction-sections -fdata-sections -Wall -fstack-usage -fcyclomatic-complexity -MMD -MP -MF"Core/Src/main.d" -MT"Core/Src/main.o" --specs=nano.specs -mfpu=fpv5-d16 -mfloat-abi=hard -mthumb -o "Core/Src/main.o"
arm-none-eabi-gcc "../Core/Src/stm32f7xx_hal_msp.c" -mcpu=cortex-m7 -std=gnu11 -g3 -DDEBUG -DUSE_HAL_DRIVER -DSTM32F767xx -c -I../Core/Inc -I../Drivers/STM32F7xx_HAL_Driver/Inc -I../Drivers/STM32F7xx_HAL_Driver/Inc/Legacy -I../Drivers/CMSIS/Device/ST/STM32F7xx/Include -I../Drivers/CMSIS/Include -O0 -ffunction-sections -fdata-sections -Wall -fstack-usage -fcyclomatic-complexity -MMD -MP -MF"Core/Src/stm32f7xx_hal_msp.d" -MT"Core/Src/stm32f7xx_hal_msp.o" --specs=nano.specs -mfpu=fpv5-d16 -mfloat-abi=hard -mthumb -o "Core/Src/stm32f7xx_hal_msp.o"
arm-none-eabi-gcc "../Core/Src/stm32f7xx_it.c" -mcpu=cortex-m7 -std=gnu11 -g3 -DDEBUG -DUSE_HAL_DRIVER -DSTM32F767xx -c -I../Core/Inc -I../Drivers/STM32F7xx_HAL_Driver/Inc -I../Drivers/STM32F7xx_HAL_Driver/Inc/Legacy -I../Drivers/CMSIS/Device/ST/STM32F7xx/Include -I../Drivers/CMSIS/Include -O0 -ffunction-sections -fdata-sections -Wall -fstack-usage -fcyclomatic-complexity -MMD -MP -MF"Core/Src/stm32f7xx_it.d" -MT"Core/Src/stm32f7xx_it.o" --specs=nano.specs -mfpu=fpv5-d16 -mfloat-abi=hard -mthumb -o "Core/Src/stm32f7xx_it.o"
arm-none-eabi-gcc "../Core/Src/syscalls.c" -mcpu=cortex-m7 -std=gnu11 -g3 -DDEBUG -DUSE_HAL_DRIVER -DSTM32F767xx -c -I../Core/Inc -I../Drivers/STM32F7xx_HAL_Driver/Inc -I../Drivers/STM32F7xx_HAL_Driver/Inc/Legacy -I../Drivers/CMSIS/Device/ST/STM32F7xx/Include -I../Drivers/CMSIS/Include -O0 -ffunction-sections -fdata-sections -Wall -fstack-usage -fcyclomatic-complexity -MMD -MP -MF"Core/Src/syscalls.d" -MT"Core/Src/syscalls.o" --specs=nano.specs -mfpu=fpv5-d16 -mfloat-abi=hard -mthumb -o "Core/Src/syscalls.o"
arm-none-eabi-gcc "../Core/Src/sysmem.c" -mcpu=cortex-m7 -std=gnu11 -g3 -DDEBUG -DUSE_HAL_DRIVER -DSTM32F767xx -c -I../Core/Inc -I../Drivers/STM32F7xx_HAL_Driver/Inc -I../Drivers/STM32F7xx_HAL_Driver/Inc/Legacy -I../Drivers/CMSIS/Device/ST/STM32F7xx/Include -I../Drivers/CMSIS/Include -O0 -ffunction-sections -fdata-sections -Wall -fstack-usage -fcyclomatic-complexity -MMD -MP -MF"Core/Src/sysmem.d" -MT"Core/Src/sysmem.o" --specs=nano.specs -mfpu=fpv5-d16 -mfloat-abi=hard -mthumb -o "Core/Src/sysmem.o"
arm-none-eabi-gcc "../Core/Src/system_stm32f7xx.c" -mcpu=cortex-m7 -std=gnu11 -g3 -DDEBUG -DUSE_HAL_DRIVER -DSTM32F767xx -c -I../Core/Inc -I../Drivers/STM32F7xx_HAL_Driver/Inc -I../Drivers/STM32F7xx_HAL_Driver/Inc/Legacy -I../Drivers/CMSIS/Device/ST/STM32F7xx/Include -I../Drivers/CMSIS/Include -O0 -ffunction-sections -fdata-sections -Wall -fstack-usage -fcyclomatic-complexity -MMD -MP -MF"Core/Src/system_stm32f7xx.d" -MT"Core/Src/system_stm32f7xx.o" --specs=nano.specs -mfpu=fpv5-d16 -mfloat-abi=hard -mthumb -o "Core/Src/system_stm32f7xx.o"
arm-none-eabi-gcc "../Core/Src/usart.c" -mcpu=cortex-m7 -std=gnu11 -g3 -DDEBUG -DUSE_HAL_DRIVER -DSTM32F767xx -c -I../Core/Inc -I../Drivers/STM32F7xx_HAL_Driver/Inc -I../Drivers/STM32F7xx_HAL_Driver/Inc/Legacy -I../Drivers/CMSIS/Device/ST/STM32F7xx/Include -I../Drivers/CMSIS/Include -O0 -ffunction-sections -fdata-sections -Wall -fstack-usage -fcyclomatic-complexity -MMD -MP -MF"Core/Src/usart.d" -MT"Core/Src/usart.o" --specs=nano.specs -mfpu=fpv5-d16 -mfloat-abi=hard -mthumb -o "Core/Src/usart.o"
../Core/Src/main.c: In function 'main':
../Core/Src/main.c:113:10: error: implicit declaration of function 'HAL_UART_CLEAR_FLAG'; did you mean 'HAL_UART_ERROR_FE'? [-Wimplicit-function-declaration]
  113 |          HAL_UART_CLEAR_FLAG(&huart3, UART_CLEAR_OREF);  // clear overrun
      |          ^~~~~~~~~~~~~~~~~~~
      |          HAL_UART_ERROR_FE
../Core/Src/main.c:120:22: error: implicit declaration of function 'HAL_UART_GET_FLAG' [-Wimplicit-function-declaration]
  120 |               while (HAL_UART_GET_FLAG(&huart3, UART_FLAG_TC) == RESET) {}
      |                      ^~~~~~~~~~~~~~~~~
../Core/Src/main.c:121:41: warning: cast from pointer to integer of different size [-Wpointer-to-int-cast]
  121 |               HAL_UART_Transmit(&huart3,(uint8_t)"QUIT\r\n", 6, 1000);
      |                                         ^
../Core/Src/main.c:121:41: error: passing argument 2 of 'HAL_UART_Transmit' makes pointer from integer without a cast [-Wint-conversion]
  121 |               HAL_UART_Transmit(&huart3,(uint8_t)"QUIT\r\n", 6, 1000);
      |                                         ^~~~~~~~~~~~~~~~~~~
      |                                         |
      |                                         unsigned char
In file included from ../Core/Inc/stm32f7xx_hal_conf.h:415,
                 from ../Drivers/STM32F7xx_HAL_Driver/Inc/stm32f7xx_hal.h:29,
                 from ../Core/Inc/main.h:30,
                 from ../Core/Src/main.c:20:
../Drivers/STM32F7xx_HAL_Driver/Inc/stm32f7xx_hal_uart.h:1557:79: note: expected 'const uint8_t *' {aka 'const unsigned char *'} but argument is of type 'unsigned char'
 1557 | HAL_StatusTypeDef HAL_UART_Transmit(UART_HandleTypeDef *huart, const uint8_t *pData, uint16_t Size, uint32_t Timeout);
      |                                                                ~~~~~~~~~~~~~~~^~~~~
../Core/Src/main.c:125:23: warning: comparison between pointer and integer
  125 |          else if (ch1 == "1") { // 1
      |                       ^~
../Core/Src/main.c:125:23: warning: comparison with string literal results in unspecified behavior [-Waddress]
../Core/Src/main.c:133:23: warning: comparison between pointer and integer
  133 |          else if (ch1 == "2") { // 2
      |                       ^~
../Core/Src/main.c:133:23: warning: comparison with string literal results in unspecified behavior [-Waddress]
../Core/Src/main.c:141:23: warning: comparison between pointer and integer
  141 |          else if (ch1 == "m") { // m
      |                       ^~
../Core/Src/main.c:141:23: warning: comparison with string literal results in unspecified behavior [-Waddress]
../Core/Src/main.c:143:41: warning: cast from pointer to integer of different size [-Wpointer-to-int-cast]
  143 |              HAL_UART_Transmit(&huart3, (uint8_t)unk, len, 1000);
      |                                         ^
../Core/Src/main.c:143:41: error: passing argument 2 of 'HAL_UART_Transmit' makes pointer from integer without a cast [-Wint-conversion]
  143 |              HAL_UART_Transmit(&huart3, (uint8_t)unk, len, 1000);
      |                                         ^~~~~~~~~~~~
      |                                         |
      |                                         unsigned char
../Drivers/STM32F7xx_HAL_Driver/Inc/stm32f7xx_hal_uart.h:1557:79: note: expected 'const uint8_t *' {aka 'const unsigned char *'} but argument is of type 'unsigned char'
 1557 | HAL_StatusTypeDef HAL_UART_Transmit(UART_HandleTypeDef *huart, const uint8_t *pData, uint16_t Size, uint32_t Timeout);
      |                                                                ~~~~~~~~~~~~~~~^~~~~
../Core/Src/main.c:147:42: warning: cast from pointer to integer of different size [-Wpointer-to-int-cast]
  147 |               HAL_UART_Transmit(&huart3, (uint8_t)name, len, 1000);
      |                                          ^
../Core/Src/main.c:147:42: error: passing argument 2 of 'HAL_UART_Transmit' makes pointer from integer without a cast [-Wint-conversion]
  147 |               HAL_UART_Transmit(&huart3, (uint8_t)name, len, 1000);
      |                                          ^~~~~~~~~~~~~
      |                                          |
      |                                          unsigned char
../Drivers/STM32F7xx_HAL_Driver/Inc/stm32f7xx_hal_uart.h:1557:79: note: expected 'const uint8_t *' {aka 'const unsigned char *'} but argument is of type 'unsigned char'
 1557 | HAL_StatusTypeDef HAL_UART_Transmit(UART_HandleTypeDef *huart, const uint8_t *pData, uint16_t Size, uint32_t Timeout);
      |                                                                ~~~~~~~~~~~~~~~^~~~~
../Core/Src/main.c:103:7: warning: variable 'isQuit' set but not used [-Wunused-but-set-variable]
  103 |   int isQuit = 0;
      |       ^~~~~~
make: *** [Core/Src/subdir.mk:40: Core/Src/main.o] Error 1
make: *** Waiting for unfinished jobs....
"make -j16 all" terminated with exit code 2. Build might be incomplete.
15:56:16 **** Incremental Build of configuration Debug for project Lab3 ****
make -j16 all 
arm-none-eabi-gcc "../Core/Src/main.c" -mcpu=cortex-m7 -std=gnu11 -g3 -DDEBUG -DUSE_HAL_DRIVER -DSTM32F767xx -c -I../Core/Inc -I../Drivers/STM32F7xx_HAL_Driver/Inc -I../Drivers/STM32F7xx_HAL_Driver/Inc/Legacy -I../Drivers/CMSIS/Device/ST/STM32F7xx/Include -I../Drivers/CMSIS/Include -O0 -ffunction-sections -fdata-sections -Wall -fstack-usage -fcyclomatic-complexity -MMD -MP -MF"Core/Src/main.d" -MT"Core/Src/main.o" --specs=nano.specs -mfpu=fpv5-d16 -mfloat-abi=hard -mthumb -o "Core/Src/main.o"
../Core/Src/main.c: In function 'main':
../Core/Src/main.c:113:10: error: implicit declaration of function 'HAL_UART_CLEAR_FLAG'; did you mean 'HAL_UART_ERROR_FE'? [-Wimplicit-function-declaration]
  113 |          HAL_UART_CLEAR_FLAG(&huart3, UART_CLEAR_OREF);  // clear overrun
      |          ^~~~~~~~~~~~~~~~~~~
      |          HAL_UART_ERROR_FE
../Core/Src/main.c:121:22: error: implicit declaration of function 'HAL_UART_GET_FLAG' [-Wimplicit-function-declaration]
  121 |               while (HAL_UART_GET_FLAG(&huart3, UART_FLAG_TC) == RESET) {}
      |                      ^~~~~~~~~~~~~~~~~
../Core/Src/main.c:122:41: warning: cast from pointer to integer of different size [-Wpointer-to-int-cast]
  122 |               HAL_UART_Transmit(&huart3,(uint8_t)"QUIT\r\n", 6, 1000);
      |                                         ^
../Core/Src/main.c:122:41: error: passing argument 2 of 'HAL_UART_Transmit' makes pointer from integer without a cast [-Wint-conversion]
  122 |               HAL_UART_Transmit(&huart3,(uint8_t)"QUIT\r\n", 6, 1000);
      |                                         ^~~~~~~~~~~~~~~~~~~
      |                                         |
      |                                         unsigned char
In file included from ../Core/Inc/stm32f7xx_hal_conf.h:415,
                 from ../Drivers/STM32F7xx_HAL_Driver/Inc/stm32f7xx_hal.h:29,
                 from ../Core/Inc/main.h:30,
                 from ../Core/Src/main.c:20:
../Drivers/STM32F7xx_HAL_Driver/Inc/stm32f7xx_hal_uart.h:1557:79: note: expected 'const uint8_t *' {aka 'const unsigned char *'} but argument is of type 'unsigned char'
 1557 | HAL_StatusTypeDef HAL_UART_Transmit(UART_HandleTypeDef *huart, const uint8_t *pData, uint16_t Size, uint32_t Timeout);
      |                                                                ~~~~~~~~~~~~~~~^~~~~
../Core/Src/main.c:126:23: warning: comparison between pointer and integer
  126 |          else if (ch1 == "1") { // 1
      |                       ^~
../Core/Src/main.c:126:23: warning: comparison with string literal results in unspecified behavior [-Waddress]
../Core/Src/main.c:134:23: warning: comparison between pointer and integer
  134 |          else if (ch1 == "2") { // 2
      |                       ^~
../Core/Src/main.c:134:23: warning: comparison with string literal results in unspecified behavior [-Waddress]
In file included from ../Drivers/CMSIS/Device/ST/STM32F7xx/Include/stm32f7xx.h:133,
                 from ../Drivers/STM32F7xx_HAL_Driver/Inc/stm32f7xx_hal_def.h:29,
                 from ../Drivers/STM32F7xx_HAL_Driver/Inc/stm32f7xx_hal_rcc.h:27,
                 from ../Core/Inc/stm32f7xx_hal_conf.h:271:
../Drivers/CMSIS/Device/ST/STM32F7xx/Include/stm32f767xx.h:1539:29: error: called object is not a function or function pointer
 1539 | #define GPIOF               ((GPIO_TypeDef *) GPIOF_BASE)
      |                             ^
../Core/Src/main.c:138:47: note: in expansion of macro 'GPIOF'
  138 |                             HAL_GPIO_WritePin(GPIOF GPIO_PIN_15, GPIO_PIN_RESET); // ปิด LED
      |                                               ^~~~~
../Core/Src/main.c:138:29: error: too few arguments to function 'HAL_GPIO_WritePin'
  138 |                             HAL_GPIO_WritePin(GPIOF GPIO_PIN_15, GPIO_PIN_RESET); // ปิด LED
      |                             ^~~~~~~~~~~~~~~~~
In file included from ../Core/Inc/stm32f7xx_hal_conf.h:279:
../Drivers/STM32F7xx_HAL_Driver/Inc/stm32f7xx_hal_gpio.h:234:6: note: declared here
  234 | void HAL_GPIO_WritePin(GPIO_TypeDef *GPIOx, uint16_t GPIO_Pin, GPIO_PinState PinState);
      |      ^~~~~~~~~~~~~~~~~
../Core/Src/main.c:142:23: warning: comparison between pointer and integer
  142 |          else if (ch1 == "m") { // m
      |                       ^~
../Core/Src/main.c:142:23: warning: comparison with string literal results in unspecified behavior [-Waddress]
../Core/Src/main.c:144:41: warning: cast from pointer to integer of different size [-Wpointer-to-int-cast]
  144 |              HAL_UART_Transmit(&huart3, (uint8_t)unk, len, 1000);
      |                                         ^
../Core/Src/main.c:144:41: error: passing argument 2 of 'HAL_UART_Transmit' makes pointer from integer without a cast [-Wint-conversion]
  144 |              HAL_UART_Transmit(&huart3, (uint8_t)unk, len, 1000);
      |                                         ^~~~~~~~~~~~
      |                                         |
      |                                         unsigned char
../Drivers/STM32F7xx_HAL_Driver/Inc/stm32f7xx_hal_uart.h:1557:79: note: expected 'const uint8_t *' {aka 'const unsigned char *'} but argument is of type 'unsigned char'
 1557 | HAL_StatusTypeDef HAL_UART_Transmit(UART_HandleTypeDef *huart, const uint8_t *pData, uint16_t Size, uint32_t Timeout);
      |                                                                ~~~~~~~~~~~~~~~^~~~~
../Core/Src/main.c:148:42: warning: cast from pointer to integer of different size [-Wpointer-to-int-cast]
  148 |               HAL_UART_Transmit(&huart3, (uint8_t)name, len, 1000);
      |                                          ^
../Core/Src/main.c:148:42: error: passing argument 2 of 'HAL_UART_Transmit' makes pointer from integer without a cast [-Wint-conversion]
  148 |               HAL_UART_Transmit(&huart3, (uint8_t)name, len, 1000);
      |                                          ^~~~~~~~~~~~~
      |                                          |
      |                                          unsigned char
../Drivers/STM32F7xx_HAL_Driver/Inc/stm32f7xx_hal_uart.h:1557:79: note: expected 'const uint8_t *' {aka 'const unsigned char *'} but argument is of type 'unsigned char'
 1557 | HAL_StatusTypeDef HAL_UART_Transmit(UART_HandleTypeDef *huart, const uint8_t *pData, uint16_t Size, uint32_t Timeout);
      |                                                                ~~~~~~~~~~~~~~~^~~~~
../Core/Src/main.c:98:7: warning: variable 'isQuit' set but not used [-Wunused-but-set-variable]
   98 |   int isQuit = 0;
      |       ^~~~~~
make: *** [Core/Src/subdir.mk:40: Core/Src/main.o] Error 1
"make -j16 all" terminated with exit code 2. Build might be incomplete.
15:57:11 **** Incremental Build of configuration Debug for project Lab3 ****
make -j16 all 
arm-none-eabi-gcc "../Core/Src/main.c" -mcpu=cortex-m7 -std=gnu11 -g3 -DDEBUG -DUSE_HAL_DRIVER -DSTM32F767xx -c -I../Core/Inc -I../Drivers/STM32F7xx_HAL_Driver/Inc -I../Drivers/STM32F7xx_HAL_Driver/Inc/Legacy -I../Drivers/CMSIS/Device/ST/STM32F7xx/Include -I../Drivers/CMSIS/Include -O0 -ffunction-sections -fdata-sections -Wall -fstack-usage -fcyclomatic-complexity -MMD -MP -MF"Core/Src/main.d" -MT"Core/Src/main.o" --specs=nano.specs -mfpu=fpv5-d16 -mfloat-abi=hard -mthumb -o "Core/Src/main.o"
../Core/Src/main.c: In function 'main':
../Core/Src/main.c:113:10: error: implicit declaration of function 'HAL_UART_CLEAR_FLAG'; did you mean 'HAL_UART_ERROR_FE'? [-Wimplicit-function-declaration]
  113 |          HAL_UART_CLEAR_FLAG(&huart3, UART_CLEAR_OREF);  // clear overrun
      |          ^~~~~~~~~~~~~~~~~~~
      |          HAL_UART_ERROR_FE
../Core/Src/main.c:121:22: error: implicit declaration of function 'HAL_UART_GET_FLAG' [-Wimplicit-function-declaration]
  121 |               while (HAL_UART_GET_FLAG(&huart3, UART_FLAG_TC) == RESET) {}
      |                      ^~~~~~~~~~~~~~~~~
../Core/Src/main.c:126:23: warning: comparison between pointer and integer
  126 |          else if (ch1 == "1") { // 1
      |                       ^~
../Core/Src/main.c:126:23: warning: comparison with string literal results in unspecified behavior [-Waddress]
../Core/Src/main.c:134:23: warning: comparison between pointer and integer
  134 |          else if (ch1 == "2") { // 2
      |                       ^~
../Core/Src/main.c:134:23: warning: comparison with string literal results in unspecified behavior [-Waddress]
In file included from ../Drivers/CMSIS/Device/ST/STM32F7xx/Include/stm32f7xx.h:133,
                 from ../Drivers/STM32F7xx_HAL_Driver/Inc/stm32f7xx_hal_def.h:29,
                 from ../Drivers/STM32F7xx_HAL_Driver/Inc/stm32f7xx_hal_rcc.h:27,
                 from ../Core/Inc/stm32f7xx_hal_conf.h:271,
                 from ../Drivers/STM32F7xx_HAL_Driver/Inc/stm32f7xx_hal.h:29,
                 from ../Core/Inc/main.h:30,
                 from ../Core/Src/main.c:20:
../Drivers/CMSIS/Device/ST/STM32F7xx/Include/stm32f767xx.h:1539:29: error: called object is not a function or function pointer
 1539 | #define GPIOF               ((GPIO_TypeDef *) GPIOF_BASE)
      |                             ^
../Core/Src/main.c:138:47: note: in expansion of macro 'GPIOF'
  138 |                             HAL_GPIO_WritePin(GPIOF GPIO_PIN_15, GPIO_PIN_RESET); // ปิด LED
      |                                               ^~~~~
../Core/Src/main.c:138:29: error: too few arguments to function 'HAL_GPIO_WritePin'
  138 |                             HAL_GPIO_WritePin(GPIOF GPIO_PIN_15, GPIO_PIN_RESET); // ปิด LED
      |                             ^~~~~~~~~~~~~~~~~
In file included from ../Core/Inc/stm32f7xx_hal_conf.h:279:
../Drivers/STM32F7xx_HAL_Driver/Inc/stm32f7xx_hal_gpio.h:234:6: note: declared here
  234 | void HAL_GPIO_WritePin(GPIO_TypeDef *GPIOx, uint16_t GPIO_Pin, GPIO_PinState PinState);
      |      ^~~~~~~~~~~~~~~~~
../Core/Src/main.c:142:23: warning: comparison between pointer and integer
  142 |          else if (ch1 == "m") { // m
      |                       ^~
../Core/Src/main.c:142:23: warning: comparison with string literal results in unspecified behavior [-Waddress]
../Core/Src/main.c:144:41: warning: cast from pointer to integer of different size [-Wpointer-to-int-cast]
  144 |              HAL_UART_Transmit(&huart3, (uint8_t)unk, len, 1000);
      |                                         ^
../Core/Src/main.c:144:41: error: passing argument 2 of 'HAL_UART_Transmit' makes pointer from integer without a cast [-Wint-conversion]
  144 |              HAL_UART_Transmit(&huart3, (uint8_t)unk, len, 1000);
      |                                         ^~~~~~~~~~~~
      |                                         |
      |                                         unsigned char
In file included from ../Core/Inc/stm32f7xx_hal_conf.h:415:
../Drivers/STM32F7xx_HAL_Driver/Inc/stm32f7xx_hal_uart.h:1557:79: note: expected 'const uint8_t *' {aka 'const unsigned char *'} but argument is of type 'unsigned char'
 1557 | HAL_StatusTypeDef HAL_UART_Transmit(UART_HandleTypeDef *huart, const uint8_t *pData, uint16_t Size, uint32_t Timeout);
      |                                                                ~~~~~~~~~~~~~~~^~~~~
../Core/Src/main.c:148:42: warning: cast from pointer to integer of different size [-Wpointer-to-int-cast]
  148 |               HAL_UART_Transmit(&huart3, (uint8_t)name, len, 1000);
      |                                          ^
../Core/Src/main.c:148:42: error: passing argument 2 of 'HAL_UART_Transmit' makes pointer from integer without a cast [-Wint-conversion]
  148 |               HAL_UART_Transmit(&huart3, (uint8_t)name, len, 1000);
      |                                          ^~~~~~~~~~~~~
      |                                          |
      |                                          unsigned char
../Drivers/STM32F7xx_HAL_Driver/Inc/stm32f7xx_hal_uart.h:1557:79: note: expected 'const uint8_t *' {aka 'const unsigned char *'} but argument is of type 'unsigned char'
 1557 | HAL_StatusTypeDef HAL_UART_Transmit(UART_HandleTypeDef *huart, const uint8_t *pData, uint16_t Size, uint32_t Timeout);
      |                                                                ~~~~~~~~~~~~~~~^~~~~
../Core/Src/main.c:98:7: warning: variable 'isQuit' set but not used [-Wunused-but-set-variable]
   98 |   int isQuit = 0;
      |       ^~~~~~
make: *** [Core/Src/subdir.mk:40: Core/Src/main.o] Error 1
"make -j16 all" terminated with exit code 2. Build might be incomplete.
15:58:58 **** Incremental Build of configuration Debug for project Lab3 ****
make -j16 all 
arm-none-eabi-gcc "../Core/Src/main.c" -mcpu=cortex-m7 -std=gnu11 -g3 -DDEBUG -DUSE_HAL_DRIVER -DSTM32F767xx -c -I../Core/Inc -I../Drivers/STM32F7xx_HAL_Driver/Inc -I../Drivers/STM32F7xx_HAL_Driver/Inc/Legacy -I../Drivers/CMSIS/Device/ST/STM32F7xx/Include -I../Drivers/CMSIS/Include -O0 -ffunction-sections -fdata-sections -Wall -fstack-usage -fcyclomatic-complexity -MMD -MP -MF"Core/Src/main.d" -MT"Core/Src/main.o" --specs=nano.specs -mfpu=fpv5-d16 -mfloat-abi=hard -mthumb -o "Core/Src/main.o"
../Core/Src/main.c: In function 'main':
../Core/Src/main.c:113:9: error: implicit declaration of function 'HAL_UART_CLEAR_FLAG'; did you mean 'HAL_UART_ERROR_FE'? [-Wimplicit-function-declaration]
  113 |         HAL_UART_CLEAR_FLAG(&huart3, UART_CLEAR_OREF); // clear overrun
      |         ^~~~~~~~~~~~~~~~~~~
      |         HAL_UART_ERROR_FE
../Core/Src/main.c:121:22: error: implicit declaration of function 'HAL_UART_GET_FLAG' [-Wimplicit-function-declaration]
  121 |               while (HAL_UART_GET_FLAG(&huart3, UART_FLAG_TC) == RESET) {}
      |                      ^~~~~~~~~~~~~~~~~
../Core/Src/main.c:126:23: warning: comparison between pointer and integer
  126 |          else if (ch1 == "1") { // 1
      |                       ^~
../Core/Src/main.c:126:23: warning: comparison with string literal results in unspecified behavior [-Waddress]
../Core/Src/main.c:134:23: warning: comparison between pointer and integer
  134 |          else if (ch1 == "2") { // 2
      |                       ^~
../Core/Src/main.c:134:23: warning: comparison with string literal results in unspecified behavior [-Waddress]
In file included from ../Drivers/CMSIS/Device/ST/STM32F7xx/Include/stm32f7xx.h:133,
                 from ../Drivers/STM32F7xx_HAL_Driver/Inc/stm32f7xx_hal_def.h:29,
                 from ../Drivers/STM32F7xx_HAL_Driver/Inc/stm32f7xx_hal_rcc.h:27,
                 from ../Core/Inc/stm32f7xx_hal_conf.h:271,
                 from ../Drivers/STM32F7xx_HAL_Driver/Inc/stm32f7xx_hal.h:29,
                 from ../Core/Inc/main.h:30,
                 from ../Core/Src/main.c:20:
../Drivers/CMSIS/Device/ST/STM32F7xx/Include/stm32f767xx.h:1539:29: error: called object is not a function or function pointer
 1539 | #define GPIOF               ((GPIO_TypeDef *) GPIOF_BASE)
      |                             ^
../Core/Src/main.c:138:47: note: in expansion of macro 'GPIOF'
  138 |                             HAL_GPIO_WritePin(GPIOF GPIO_PIN_15, GPIO_PIN_RESET); // ปิด LED
      |                                               ^~~~~
../Core/Src/main.c:138:29: error: too few arguments to function 'HAL_GPIO_WritePin'
  138 |                             HAL_GPIO_WritePin(GPIOF GPIO_PIN_15, GPIO_PIN_RESET); // ปิด LED
      |                             ^~~~~~~~~~~~~~~~~
In file included from ../Core/Inc/stm32f7xx_hal_conf.h:279:
../Drivers/STM32F7xx_HAL_Driver/Inc/stm32f7xx_hal_gpio.h:234:6: note: declared here
  234 | void HAL_GPIO_WritePin(GPIO_TypeDef *GPIOx, uint16_t GPIO_Pin, GPIO_PinState PinState);
      |      ^~~~~~~~~~~~~~~~~
../Core/Src/main.c:142:23: warning: comparison between pointer and integer
  142 |          else if (ch1 == "m") { // m
      |                       ^~
../Core/Src/main.c:142:23: warning: comparison with string literal results in unspecified behavior [-Waddress]
../Core/Src/main.c:144:41: warning: cast from pointer to integer of different size [-Wpointer-to-int-cast]
  144 |              HAL_UART_Transmit(&huart3, (uint8_t)unk, len, 1000);
      |                                         ^
../Core/Src/main.c:144:41: error: passing argument 2 of 'HAL_UART_Transmit' makes pointer from integer without a cast [-Wint-conversion]
  144 |              HAL_UART_Transmit(&huart3, (uint8_t)unk, len, 1000);
      |                                         ^~~~~~~~~~~~
      |                                         |
      |                                         unsigned char
In file included from ../Core/Inc/stm32f7xx_hal_conf.h:415:
../Drivers/STM32F7xx_HAL_Driver/Inc/stm32f7xx_hal_uart.h:1557:79: note: expected 'const uint8_t *' {aka 'const unsigned char *'} but argument is of type 'unsigned char'
 1557 | HAL_StatusTypeDef HAL_UART_Transmit(UART_HandleTypeDef *huart, const uint8_t *pData, uint16_t Size, uint32_t Timeout);
      |                                                                ~~~~~~~~~~~~~~~^~~~~
../Core/Src/main.c:148:42: warning: cast from pointer to integer of different size [-Wpointer-to-int-cast]
  148 |               HAL_UART_Transmit(&huart3, (uint8_t)name, len, 1000);
      |                                          ^
../Core/Src/main.c:148:42: error: passing argument 2 of 'HAL_UART_Transmit' makes pointer from integer without a cast [-Wint-conversion]
  148 |               HAL_UART_Transmit(&huart3, (uint8_t)name, len, 1000);
      |                                          ^~~~~~~~~~~~~
      |                                          |
      |                                          unsigned char
../Drivers/STM32F7xx_HAL_Driver/Inc/stm32f7xx_hal_uart.h:1557:79: note: expected 'const uint8_t *' {aka 'const unsigned char *'} but argument is of type 'unsigned char'
 1557 | HAL_StatusTypeDef HAL_UART_Transmit(UART_HandleTypeDef *huart, const uint8_t *pData, uint16_t Size, uint32_t Timeout);
      |                                                                ~~~~~~~~~~~~~~~^~~~~
../Core/Src/main.c:98:7: warning: variable 'isQuit' set but not used [-Wunused-but-set-variable]
   98 |   int isQuit = 0;
      |       ^~~~~~
make: *** [Core/Src/subdir.mk:40: Core/Src/main.o] Error 1
"make -j16 all" terminated with exit code 2. Build might be incomplete.
16:01:13 **** Incremental Build of configuration Debug for project Lab3 ****
make -j16 all 
arm-none-eabi-gcc "../Core/Src/main.c" -mcpu=cortex-m7 -std=gnu11 -g3 -DDEBUG -DUSE_HAL_DRIVER -DSTM32F767xx -c -I../Core/Inc -I../Drivers/STM32F7xx_HAL_Driver/Inc -I../Drivers/STM32F7xx_HAL_Driver/Inc/Legacy -I../Drivers/CMSIS/Device/ST/STM32F7xx/Include -I../Drivers/CMSIS/Include -O0 -ffunction-sections -fdata-sections -Wall -fstack-usage -fcyclomatic-complexity -MMD -MP -MF"Core/Src/main.d" -MT"Core/Src/main.o" --specs=nano.specs -mfpu=fpv5-d16 -mfloat-abi=hard -mthumb -o "Core/Src/main.o"
../Core/Src/main.c: In function 'main':
../Core/Src/main.c:113:33: error: implicit declaration of function 'HAL_UART_CLEAR_FLAG'; did you mean 'HAL_UART_ERROR_FE'? [-Wimplicit-function-declaration]
  113 |                                 HAL_UART_CLEAR_FLAG(&huart3, UART_CLEAR_OREF); // clear overrun
      |                                 ^~~~~~~~~~~~~~~~~~~
      |                                 HAL_UART_ERROR_FE
../Core/Src/main.c:121:46: error: implicit declaration of function 'HAL_UART_GET_FLAG' [-Wimplicit-function-declaration]
  121 |                                       while (HAL_UART_GET_FLAG(&huart3, UART_FLAG_TC) == RESET) {}
      |                                              ^~~~~~~~~~~~~~~~~
../Core/Src/main.c:126:47: warning: comparison between pointer and integer
  126 |                                  else if (ch1 == "1") { // 1
      |                                               ^~
../Core/Src/main.c:126:47: warning: comparison with string literal results in unspecified behavior [-Waddress]
../Core/Src/main.c:134:47: warning: comparison between pointer and integer
  134 |                                  else if (ch1 == "2") { // 2
      |                                               ^~
../Core/Src/main.c:134:47: warning: comparison with string literal results in unspecified behavior [-Waddress]
In file included from ../Drivers/CMSIS/Device/ST/STM32F7xx/Include/stm32f7xx.h:133,
                 from ../Drivers/STM32F7xx_HAL_Driver/Inc/stm32f7xx_hal_def.h:29,
                 from ../Drivers/STM32F7xx_HAL_Driver/Inc/stm32f7xx_hal_rcc.h:27,
                 from ../Core/Inc/stm32f7xx_hal_conf.h:271,
                 from ../Drivers/STM32F7xx_HAL_Driver/Inc/stm32f7xx_hal.h:29,
                 from ../Core/Inc/main.h:30,
                 from ../Core/Src/main.c:20:
../Drivers/CMSIS/Device/ST/STM32F7xx/Include/stm32f767xx.h:1539:29: error: called object is not a function or function pointer
 1539 | #define GPIOF               ((GPIO_TypeDef *) GPIOF_BASE)
      |                             ^
../Core/Src/main.c:138:71: note: in expansion of macro 'GPIOF'
  138 |                                                     HAL_GPIO_WritePin(GPIOF GPIO_PIN_15, GPIO_PIN_RESET); // ปิด LED
      |                                                                       ^~~~~
../Core/Src/main.c:138:53: error: too few arguments to function 'HAL_GPIO_WritePin'
  138 |                                                     HAL_GPIO_WritePin(GPIOF GPIO_PIN_15, GPIO_PIN_RESET); // ปิด LED
      |                                                     ^~~~~~~~~~~~~~~~~
In file included from ../Core/Inc/stm32f7xx_hal_conf.h:279:
../Drivers/STM32F7xx_HAL_Driver/Inc/stm32f7xx_hal_gpio.h:234:6: note: declared here
  234 | void HAL_GPIO_WritePin(GPIO_TypeDef *GPIOx, uint16_t GPIO_Pin, GPIO_PinState PinState);
      |      ^~~~~~~~~~~~~~~~~
../Core/Src/main.c:142:47: warning: comparison between pointer and integer
  142 |                                  else if (ch1 == "m") { // m
      |                                               ^~
../Core/Src/main.c:142:47: warning: comparison with string literal results in unspecified behavior [-Waddress]
../Core/Src/main.c:144:65: warning: cast from pointer to integer of different size [-Wpointer-to-int-cast]
  144 |                                      HAL_UART_Transmit(&huart3, (uint8_t)unk, len, 1000);
      |                                                                 ^
../Core/Src/main.c:144:65: error: passing argument 2 of 'HAL_UART_Transmit' makes pointer from integer without a cast [-Wint-conversion]
  144 |                                      HAL_UART_Transmit(&huart3, (uint8_t)unk, len, 1000);
      |                                                                 ^~~~~~~~~~~~
      |                                                                 |
      |                                                                 unsigned char
In file included from ../Core/Inc/stm32f7xx_hal_conf.h:415:
../Drivers/STM32F7xx_HAL_Driver/Inc/stm32f7xx_hal_uart.h:1557:79: note: expected 'const uint8_t *' {aka 'const unsigned char *'} but argument is of type 'unsigned char'
 1557 | HAL_StatusTypeDef HAL_UART_Transmit(UART_HandleTypeDef *huart, const uint8_t *pData, uint16_t Size, uint32_t Timeout);
      |                                                                ~~~~~~~~~~~~~~~^~~~~
../Core/Src/main.c:148:66: warning: cast from pointer to integer of different size [-Wpointer-to-int-cast]
  148 |                                       HAL_UART_Transmit(&huart3, (uint8_t)name, len, 1000);
      |                                                                  ^
../Core/Src/main.c:148:66: error: passing argument 2 of 'HAL_UART_Transmit' makes pointer from integer without a cast [-Wint-conversion]
  148 |                                       HAL_UART_Transmit(&huart3, (uint8_t)name, len, 1000);
      |                                                                  ^~~~~~~~~~~~~
      |                                                                  |
      |                                                                  unsigned char
../Drivers/STM32F7xx_HAL_Driver/Inc/stm32f7xx_hal_uart.h:1557:79: note: expected 'const uint8_t *' {aka 'const unsigned char *'} but argument is of type 'unsigned char'
 1557 | HAL_StatusTypeDef HAL_UART_Transmit(UART_HandleTypeDef *huart, const uint8_t *pData, uint16_t Size, uint32_t Timeout);
      |                                                                ~~~~~~~~~~~~~~~^~~~~
make: *** [Core/Src/subdir.mk:40: Core/Src/main.o] Error 1
"make -j16 all" terminated with exit code 2. Build might be incomplete.
16:02:24 **** Incremental Build of configuration Debug for project Lab3 ****
make -j16 all 
arm-none-eabi-gcc "../Core/Src/main.c" -mcpu=cortex-m7 -std=gnu11 -g3 -DDEBUG -DUSE_HAL_DRIVER -DSTM32F767xx -c -I../Core/Inc -I../Drivers/STM32F7xx_HAL_Driver/Inc -I../Drivers/STM32F7xx_HAL_Driver/Inc/Legacy -I../Drivers/CMSIS/Device/ST/STM32F7xx/Include -I../Drivers/CMSIS/Include -O0 -ffunction-sections -fdata-sections -Wall -fstack-usage -fcyclomatic-complexity -MMD -MP -MF"Core/Src/main.d" -MT"Core/Src/main.o" --specs=nano.specs -mfpu=fpv5-d16 -mfloat-abi=hard -mthumb -o "Core/Src/main.o"
../Core/Src/main.c: In function 'main':
../Core/Src/main.c:120:46: error: implicit declaration of function 'HAL_UART_GET_FLAG' [-Wimplicit-function-declaration]
  120 |                                       while (HAL_UART_GET_FLAG(&huart3, UART_FLAG_TC) == RESET) {}
      |                                              ^~~~~~~~~~~~~~~~~
../Core/Src/main.c:125:47: warning: comparison between pointer and integer
  125 |                                  else if (ch1 == "1") { // 1
      |                                               ^~
../Core/Src/main.c:125:47: warning: comparison with string literal results in unspecified behavior [-Waddress]
../Core/Src/main.c:133:47: warning: comparison between pointer and integer
  133 |                                  else if (ch1 == "2") { // 2
      |                                               ^~
../Core/Src/main.c:133:47: warning: comparison with string literal results in unspecified behavior [-Waddress]
In file included from ../Drivers/CMSIS/Device/ST/STM32F7xx/Include/stm32f7xx.h:133,
                 from ../Drivers/STM32F7xx_HAL_Driver/Inc/stm32f7xx_hal_def.h:29,
                 from ../Drivers/STM32F7xx_HAL_Driver/Inc/stm32f7xx_hal_rcc.h:27,
                 from ../Core/Inc/stm32f7xx_hal_conf.h:271,
                 from ../Drivers/STM32F7xx_HAL_Driver/Inc/stm32f7xx_hal.h:29,
                 from ../Core/Inc/main.h:30,
                 from ../Core/Src/main.c:20:
../Drivers/CMSIS/Device/ST/STM32F7xx/Include/stm32f767xx.h:1539:29: error: called object is not a function or function pointer
 1539 | #define GPIOF               ((GPIO_TypeDef *) GPIOF_BASE)
      |                             ^
../Core/Src/main.c:137:71: note: in expansion of macro 'GPIOF'
  137 |                                                     HAL_GPIO_WritePin(GPIOF GPIO_PIN_15, GPIO_PIN_RESET); // ปิด LED
      |                                                                       ^~~~~
../Core/Src/main.c:137:53: error: too few arguments to function 'HAL_GPIO_WritePin'
  137 |                                                     HAL_GPIO_WritePin(GPIOF GPIO_PIN_15, GPIO_PIN_RESET); // ปิด LED
      |                                                     ^~~~~~~~~~~~~~~~~
In file included from ../Core/Inc/stm32f7xx_hal_conf.h:279:
../Drivers/STM32F7xx_HAL_Driver/Inc/stm32f7xx_hal_gpio.h:234:6: note: declared here
  234 | void HAL_GPIO_WritePin(GPIO_TypeDef *GPIOx, uint16_t GPIO_Pin, GPIO_PinState PinState);
      |      ^~~~~~~~~~~~~~~~~
../Core/Src/main.c:141:47: warning: comparison between pointer and integer
  141 |                                  else if (ch1 == "m") { // m
      |                                               ^~
../Core/Src/main.c:141:47: warning: comparison with string literal results in unspecified behavior [-Waddress]
../Core/Src/main.c:143:65: warning: cast from pointer to integer of different size [-Wpointer-to-int-cast]
  143 |                                      HAL_UART_Transmit(&huart3, (uint8_t)unk, len, 1000);
      |                                                                 ^
../Core/Src/main.c:143:65: error: passing argument 2 of 'HAL_UART_Transmit' makes pointer from integer without a cast [-Wint-conversion]
  143 |                                      HAL_UART_Transmit(&huart3, (uint8_t)unk, len, 1000);
      |                                                                 ^~~~~~~~~~~~
      |                                                                 |
      |                                                                 unsigned char
In file included from ../Core/Inc/stm32f7xx_hal_conf.h:415:
../Drivers/STM32F7xx_HAL_Driver/Inc/stm32f7xx_hal_uart.h:1557:79: note: expected 'const uint8_t *' {aka 'const unsigned char *'} but argument is of type 'unsigned char'
 1557 | HAL_StatusTypeDef HAL_UART_Transmit(UART_HandleTypeDef *huart, const uint8_t *pData, uint16_t Size, uint32_t Timeout);
      |                                                                ~~~~~~~~~~~~~~~^~~~~
../Core/Src/main.c:147:66: warning: cast from pointer to integer of different size [-Wpointer-to-int-cast]
  147 |                                       HAL_UART_Transmit(&huart3, (uint8_t)name, len, 1000);
      |                                                                  ^
../Core/Src/main.c:147:66: error: passing argument 2 of 'HAL_UART_Transmit' makes pointer from integer without a cast [-Wint-conversion]
  147 |                                       HAL_UART_Transmit(&huart3, (uint8_t)name, len, 1000);
      |                                                                  ^~~~~~~~~~~~~
      |                                                                  |
      |                                                                  unsigned char
../Drivers/STM32F7xx_HAL_Driver/Inc/stm32f7xx_hal_uart.h:1557:79: note: expected 'const uint8_t *' {aka 'const unsigned char *'} but argument is of type 'unsigned char'
 1557 | HAL_StatusTypeDef HAL_UART_Transmit(UART_HandleTypeDef *huart, const uint8_t *pData, uint16_t Size, uint32_t Timeout);
      |                                                                ~~~~~~~~~~~~~~~^~~~~
make: *** [Core/Src/subdir.mk:40: Core/Src/main.o] Error 1
"make -j16 all" terminated with exit code 2. Build might be incomplete.
16:02:38 **** Incremental Build of configuration Debug for project Lab3 ****
make -j16 all 
arm-none-eabi-gcc "../Core/Src/main.c" -mcpu=cortex-m7 -std=gnu11 -g3 -DDEBUG -DUSE_HAL_DRIVER -DSTM32F767xx -c -I../Core/Inc -I../Drivers/STM32F7xx_HAL_Driver/Inc -I../Drivers/STM32F7xx_HAL_Driver/Inc/Legacy -I../Drivers/CMSIS/Device/ST/STM32F7xx/Include -I../Drivers/CMSIS/Include -O0 -ffunction-sections -fdata-sections -Wall -fstack-usage -fcyclomatic-complexity -MMD -MP -MF"Core/Src/main.d" -MT"Core/Src/main.o" --specs=nano.specs -mfpu=fpv5-d16 -mfloat-abi=hard -mthumb -o "Core/Src/main.o"
../Core/Src/main.c: In function 'main':
../Core/Src/main.c:120:46: error: implicit declaration of function 'HAL_UART_GET_FLAG' [-Wimplicit-function-declaration]
  120 |                                       while (HAL_UART_GET_FLAG(&huart3, UART_FLAG_TC) == RESET) {}
      |                                              ^~~~~~~~~~~~~~~~~
../Core/Src/main.c:125:47: warning: comparison between pointer and integer
  125 |                                  else if (ch1 == "1") { // 1
      |                                               ^~
../Core/Src/main.c:125:47: warning: comparison with string literal results in unspecified behavior [-Waddress]
../Core/Src/main.c:133:47: warning: comparison between pointer and integer
  133 |                                  else if (ch1 == "2") { // 2
      |                                               ^~
../Core/Src/main.c:133:47: warning: comparison with string literal results in unspecified behavior [-Waddress]
In file included from ../Drivers/CMSIS/Device/ST/STM32F7xx/Include/stm32f7xx.h:133,
                 from ../Drivers/STM32F7xx_HAL_Driver/Inc/stm32f7xx_hal_def.h:29,
                 from ../Drivers/STM32F7xx_HAL_Driver/Inc/stm32f7xx_hal_rcc.h:27,
                 from ../Core/Inc/stm32f7xx_hal_conf.h:271,
                 from ../Drivers/STM32F7xx_HAL_Driver/Inc/stm32f7xx_hal.h:29,
                 from ../Core/Inc/main.h:30,
                 from ../Core/Src/main.c:20:
../Drivers/CMSIS/Device/ST/STM32F7xx/Include/stm32f767xx.h:1539:29: error: called object is not a function or function pointer
 1539 | #define GPIOF               ((GPIO_TypeDef *) GPIOF_BASE)
      |                             ^
../Core/Src/main.c:137:71: note: in expansion of macro 'GPIOF'
  137 |                                                     HAL_GPIO_WritePin(GPIOF GPIO_PIN_15, GPIO_PIN_RESET); // ปิด LED
      |                                                                       ^~~~~
../Core/Src/main.c:137:53: error: too few arguments to function 'HAL_GPIO_WritePin'
  137 |                                                     HAL_GPIO_WritePin(GPIOF GPIO_PIN_15, GPIO_PIN_RESET); // ปิด LED
      |                                                     ^~~~~~~~~~~~~~~~~
In file included from ../Core/Inc/stm32f7xx_hal_conf.h:279:
../Drivers/STM32F7xx_HAL_Driver/Inc/stm32f7xx_hal_gpio.h:234:6: note: declared here
  234 | void HAL_GPIO_WritePin(GPIO_TypeDef *GPIOx, uint16_t GPIO_Pin, GPIO_PinState PinState);
      |      ^~~~~~~~~~~~~~~~~
../Core/Src/main.c:141:47: warning: comparison between pointer and integer
  141 |                                  else if (ch1 == "m") { // m
      |                                               ^~
../Core/Src/main.c:141:47: warning: comparison with string literal results in unspecified behavior [-Waddress]
../Core/Src/main.c:143:65: warning: cast from pointer to integer of different size [-Wpointer-to-int-cast]
  143 |                                      HAL_UART_Transmit(&huart3, (uint8_t)unk, len, 1000);
      |                                                                 ^
../Core/Src/main.c:143:65: error: passing argument 2 of 'HAL_UART_Transmit' makes pointer from integer without a cast [-Wint-conversion]
  143 |                                      HAL_UART_Transmit(&huart3, (uint8_t)unk, len, 1000);
      |                                                                 ^~~~~~~~~~~~
      |                                                                 |
      |                                                                 unsigned char
In file included from ../Core/Inc/stm32f7xx_hal_conf.h:415:
../Drivers/STM32F7xx_HAL_Driver/Inc/stm32f7xx_hal_uart.h:1557:79: note: expected 'const uint8_t *' {aka 'const unsigned char *'} but argument is of type 'unsigned char'
 1557 | HAL_StatusTypeDef HAL_UART_Transmit(UART_HandleTypeDef *huart, const uint8_t *pData, uint16_t Size, uint32_t Timeout);
      |                                                                ~~~~~~~~~~~~~~~^~~~~
../Core/Src/main.c:147:66: warning: cast from pointer to integer of different size [-Wpointer-to-int-cast]
  147 |                                       HAL_UART_Transmit(&huart3, (uint8_t)name, len, 1000);
      |                                                                  ^
../Core/Src/main.c:147:66: error: passing argument 2 of 'HAL_UART_Transmit' makes pointer from integer without a cast [-Wint-conversion]
  147 |                                       HAL_UART_Transmit(&huart3, (uint8_t)name, len, 1000);
      |                                                                  ^~~~~~~~~~~~~
      |                                                                  |
      |                                                                  unsigned char
../Drivers/STM32F7xx_HAL_Driver/Inc/stm32f7xx_hal_uart.h:1557:79: note: expected 'const uint8_t *' {aka 'const unsigned char *'} but argument is of type 'unsigned char'
 1557 | HAL_StatusTypeDef HAL_UART_Transmit(UART_HandleTypeDef *huart, const uint8_t *pData, uint16_t Size, uint32_t Timeout);
      |                                                                ~~~~~~~~~~~~~~~^~~~~
make: *** [Core/Src/subdir.mk:40: Core/Src/main.o] Error 1
"make -j16 all" terminated with exit code 2. Build might be incomplete.
16:02:53 **** Incremental Build of configuration Debug for project Lab3 ****
make -j16 all 
arm-none-eabi-gcc "../Core/Src/main.c" -mcpu=cortex-m7 -std=gnu11 -g3 -DDEBUG -DUSE_HAL_DRIVER -DSTM32F767xx -c -I../Core/Inc -I../Drivers/STM32F7xx_HAL_Driver/Inc -I../Drivers/STM32F7xx_HAL_Driver/Inc/Legacy -I../Drivers/CMSIS/Device/ST/STM32F7xx/Include -I../Drivers/CMSIS/Include -O0 -ffunction-sections -fdata-sections -Wall -fstack-usage -fcyclomatic-complexity -MMD -MP -MF"Core/Src/main.d" -MT"Core/Src/main.o" --specs=nano.specs -mfpu=fpv5-d16 -mfloat-abi=hard -mthumb -o "Core/Src/main.o"
../Core/Src/main.c: In function 'main':
../Core/Src/main.c:120:46: error: implicit declaration of function 'HAL_UART_GET_FLAG' [-Wimplicit-function-declaration]
  120 |                                       while (HAL_UART_GET_FLAG(&huart3, UART_FLAG_TC) == RESET) {}
      |                                              ^~~~~~~~~~~~~~~~~
../Core/Src/main.c:125:47: warning: comparison between pointer and integer
  125 |                                  else if (ch1 == "1") { // 1
      |                                               ^~
../Core/Src/main.c:125:47: warning: comparison with string literal results in unspecified behavior [-Waddress]
../Core/Src/main.c:133:47: warning: comparison between pointer and integer
  133 |                                  else if (ch1 == "2") { // 2
      |                                               ^~
../Core/Src/main.c:133:47: warning: comparison with string literal results in unspecified behavior [-Waddress]
In file included from ../Drivers/CMSIS/Device/ST/STM32F7xx/Include/stm32f7xx.h:133,
                 from ../Drivers/STM32F7xx_HAL_Driver/Inc/stm32f7xx_hal_def.h:29,
                 from ../Drivers/STM32F7xx_HAL_Driver/Inc/stm32f7xx_hal_rcc.h:27,
                 from ../Core/Inc/stm32f7xx_hal_conf.h:271,
                 from ../Drivers/STM32F7xx_HAL_Driver/Inc/stm32f7xx_hal.h:29,
                 from ../Core/Inc/main.h:30,
                 from ../Core/Src/main.c:20:
../Drivers/CMSIS/Device/ST/STM32F7xx/Include/stm32f767xx.h:1539:29: error: called object is not a function or function pointer
 1539 | #define GPIOF               ((GPIO_TypeDef *) GPIOF_BASE)
      |                             ^
../Core/Src/main.c:137:71: note: in expansion of macro 'GPIOF'
  137 |                                                     HAL_GPIO_WritePin(GPIOF GPIO_PIN_15, GPIO_PIN_RESET); // ปิด LED
      |                                                                       ^~~~~
../Core/Src/main.c:137:53: error: too few arguments to function 'HAL_GPIO_WritePin'
  137 |                                                     HAL_GPIO_WritePin(GPIOF GPIO_PIN_15, GPIO_PIN_RESET); // ปิด LED
      |                                                     ^~~~~~~~~~~~~~~~~
In file included from ../Core/Inc/stm32f7xx_hal_conf.h:279:
../Drivers/STM32F7xx_HAL_Driver/Inc/stm32f7xx_hal_gpio.h:234:6: note: declared here
  234 | void HAL_GPIO_WritePin(GPIO_TypeDef *GPIOx, uint16_t GPIO_Pin, GPIO_PinState PinState);
      |      ^~~~~~~~~~~~~~~~~
../Core/Src/main.c:141:47: warning: comparison between pointer and integer
  141 |                                  else if (ch1 == "m") { // m
      |                                               ^~
../Core/Src/main.c:141:47: warning: comparison with string literal results in unspecified behavior [-Waddress]
../Core/Src/main.c:143:65: warning: cast from pointer to integer of different size [-Wpointer-to-int-cast]
  143 |                                      HAL_UART_Transmit(&huart3, (uint8_t)unk, len, 1000);
      |                                                                 ^
../Core/Src/main.c:143:65: error: passing argument 2 of 'HAL_UART_Transmit' makes pointer from integer without a cast [-Wint-conversion]
  143 |                                      HAL_UART_Transmit(&huart3, (uint8_t)unk, len, 1000);
      |                                                                 ^~~~~~~~~~~~
      |                                                                 |
      |                                                                 unsigned char
In file included from ../Core/Inc/stm32f7xx_hal_conf.h:415:
../Drivers/STM32F7xx_HAL_Driver/Inc/stm32f7xx_hal_uart.h:1557:79: note: expected 'const uint8_t *' {aka 'const unsigned char *'} but argument is of type 'unsigned char'
 1557 | HAL_StatusTypeDef HAL_UART_Transmit(UART_HandleTypeDef *huart, const uint8_t *pData, uint16_t Size, uint32_t Timeout);
      |                                                                ~~~~~~~~~~~~~~~^~~~~
../Core/Src/main.c:147:66: warning: cast from pointer to integer of different size [-Wpointer-to-int-cast]
  147 |                                       HAL_UART_Transmit(&huart3, (uint8_t)name, len, 1000);
      |                                                                  ^
../Core/Src/main.c:147:66: error: passing argument 2 of 'HAL_UART_Transmit' makes pointer from integer without a cast [-Wint-conversion]
  147 |                                       HAL_UART_Transmit(&huart3, (uint8_t)name, len, 1000);
      |                                                                  ^~~~~~~~~~~~~
      |                                                                  |
      |                                                                  unsigned char
../Drivers/STM32F7xx_HAL_Driver/Inc/stm32f7xx_hal_uart.h:1557:79: note: expected 'const uint8_t *' {aka 'const unsigned char *'} but argument is of type 'unsigned char'
 1557 | HAL_StatusTypeDef HAL_UART_Transmit(UART_HandleTypeDef *huart, const uint8_t *pData, uint16_t Size, uint32_t Timeout);
      |                                                                ~~~~~~~~~~~~~~~^~~~~
make: *** [Core/Src/subdir.mk:40: Core/Src/main.o] Error 1
"make -j16 all" terminated with exit code 2. Build might be incomplete.
16:04:34 **** Incremental Build of configuration Debug for project Lab3 ****
make -j16 all 
arm-none-eabi-gcc "../Core/Src/main.c" -mcpu=cortex-m7 -std=gnu11 -g3 -DDEBUG -DUSE_HAL_DRIVER -DSTM32F767xx -c -I../Core/Inc -I../Drivers/STM32F7xx_HAL_Driver/Inc -I../Drivers/STM32F7xx_HAL_Driver/Inc/Legacy -I../Drivers/CMSIS/Device/ST/STM32F7xx/Include -I../Drivers/CMSIS/Include -O0 -ffunction-sections -fdata-sections -Wall -fstack-usage -fcyclomatic-complexity -MMD -MP -MF"Core/Src/main.d" -MT"Core/Src/main.o" --specs=nano.specs -mfpu=fpv5-d16 -mfloat-abi=hard -mthumb -o "Core/Src/main.o"
../Core/Src/main.c: In function 'main':
../Core/Src/main.c:112:18: error: implicit declaration of function 'HAL_UART_GET_FLAG' [-Wimplicit-function-declaration]
  112 |           while (HAL_UART_GET_FLAG(&huart3, UART_FLAG_TC) == RESET) {}
      |                  ^~~~~~~~~~~~~~~~~
make: *** [Core/Src/subdir.mk:40: Core/Src/main.o] Error 1
"make -j16 all" terminated with exit code 2. Build might be incomplete.
16:05:45 **** Incremental Build of configuration Debug for project Lab3 ****
make -j16 all 
arm-none-eabi-gcc "../Core/Src/main.c" -mcpu=cortex-m7 -std=gnu11 -g3 -DDEBUG -DUSE_HAL_DRIVER -DSTM32F767xx -c -I../Core/Inc -I../Drivers/STM32F7xx_HAL_Driver/Inc -I../Drivers/STM32F7xx_HAL_Driver/Inc/Legacy -I../Drivers/CMSIS/Device/ST/STM32F7xx/Include -I../Drivers/CMSIS/Include -O0 -ffunction-sections -fdata-sections -Wall -fstack-usage -fcyclomatic-complexity -MMD -MP -MF"Core/Src/main.d" -MT"Core/Src/main.o" --specs=nano.specs -mfpu=fpv5-d16 -mfloat-abi=hard -mthumb -o "Core/Src/main.o"
../Core/Src/main.c: In function 'main':
../Core/Src/main.c:109:18: error: implicit declaration of function 'HAL_UART_GET_FLAG' [-Wimplicit-function-declaration]
  109 |           while (HAL_UART_GET_FLAG(&huart3, UART_FLAG_TC) == RESET) {}
      |                  ^~~~~~~~~~~~~~~~~
../Core/Src/main.c:137:54: error: implicit declaration of function 'strlen' [-Wimplicit-function-declaration]
  137 |           HAL_UART_Transmit(&huart3, (uint8_t*)name, strlen(name), 1000);
      |                                                      ^~~~~~
../Core/Src/main.c:13:1: note: include '<string.h>' or provide a declaration of 'strlen'
   12 | #include "gpio.h"
  +++ |+#include <string.h>
   13 | 
../Core/Src/main.c:137:54: warning: incompatible implicit declaration of built-in function 'strlen' [-Wbuiltin-declaration-mismatch]
  137 |           HAL_UART_Transmit(&huart3, (uint8_t*)name, strlen(name), 1000);
      |                                                      ^~~~~~
../Core/Src/main.c:137:54: note: include '<string.h>' or provide a declaration of 'strlen'
../Core/Src/main.c:143:53: warning: incompatible implicit declaration of built-in function 'strlen' [-Wbuiltin-declaration-mismatch]
  143 |           HAL_UART_Transmit(&huart3, (uint8_t*)unk, strlen(unk), 1000);
      |                                                     ^~~~~~
../Core/Src/main.c:143:53: note: include '<string.h>' or provide a declaration of 'strlen'
make: *** [Core/Src/subdir.mk:40: Core/Src/main.o] Error 1
"make -j16 all" terminated with exit code 2. Build might be incomplete.
16:08:13 **** Incremental Build of configuration Debug for project Lab3 ****
make -j16 all 
arm-none-eabi-gcc "../Core/Src/main.c" -mcpu=cortex-m7 -std=gnu11 -g3 -DDEBUG -DUSE_HAL_DRIVER -DSTM32F767xx -c -I../Core/Inc -I../Drivers/STM32F7xx_HAL_Driver/Inc -I../Drivers/STM32F7xx_HAL_Driver/Inc/Legacy -I../Drivers/CMSIS/Device/ST/STM32F7xx/Include -I../Drivers/CMSIS/Include -O0 -ffunction-sections -fdata-sections -Wall -fstack-usage -fcyclomatic-complexity -MMD -MP -MF"Core/Src/main.d" -MT"Core/Src/main.o" --specs=nano.specs -mfpu=fpv5-d16 -mfloat-abi=hard -mthumb -o "Core/Src/main.o"
../Core/Src/main.c: In function 'main':
../Core/Src/main.c:112:18: error: implicit declaration of function 'HAL_UART_GET_FLAG' [-Wimplicit-function-declaration]
  112 |           while (HAL_UART_GET_FLAG(&huart3, UART_FLAG_TC) == RESET) {}
      |                  ^~~~~~~~~~~~~~~~~
make: *** [Core/Src/subdir.mk:40: Core/Src/main.o] Error 1
"make -j16 all" terminated with exit code 2. Build might be incomplete.
16:08:59 **** Incremental Build of configuration Debug for project Lab3 ****
make -j16 all 
arm-none-eabi-gcc "../Core/Src/main.c" -mcpu=cortex-m7 -std=gnu11 -g3 -DDEBUG -DUSE_HAL_DRIVER -DSTM32F767xx -c -I../Core/Inc -I../Drivers/STM32F7xx_HAL_Driver/Inc -I../Drivers/STM32F7xx_HAL_Driver/Inc/Legacy -I../Drivers/CMSIS/Device/ST/STM32F7xx/Include -I../Drivers/CMSIS/Include -O0 -ffunction-sections -fdata-sections -Wall -fstack-usage -fcyclomatic-complexity -MMD -MP -MF"Core/Src/main.d" -MT"Core/Src/main.o" --specs=nano.specs -mfpu=fpv5-d16 -mfloat-abi=hard -mthumb -o "Core/Src/main.o"
arm-none-eabi-gcc -o "Lab3.elf" @"objects.list"   -mcpu=cortex-m7 -T"E:\3rd_Year\MAD\Lab\Lab3\STM32F767ZITX_FLASH.ld" --specs=nosys.specs -Wl,-Map="Lab3.map" -Wl,--gc-sections -static --specs=nano.specs -mfpu=fpv5-d16 -mfloat-abi=hard -mthumb -Wl,--start-group -lc -lm -Wl,--end-group
Finished building target: Lab3.elf
 
arm-none-eabi-size  Lab3.elf 
arm-none-eabi-objdump -h -S Lab3.elf  > "Lab3.list"
   text	   data	    bss	    dec	    hex	filename
  12516	     12	   1708	  14236	   379c	Lab3.elf
Finished building: default.size.stdout
 
Finished building: Lab3.list
 
16:10:15 **** Incremental Build of configuration Debug for project Lab3 ****
make -j16 all 
arm-none-eabi-gcc "../Core/Src/main.c" -mcpu=cortex-m7 -std=gnu11 -g3 -DDEBUG -DUSE_HAL_DRIVER -DSTM32F767xx -c -I../Core/Inc -I../Drivers/STM32F7xx_HAL_Driver/Inc -I../Drivers/STM32F7xx_HAL_Driver/Inc/Legacy -I../Drivers/CMSIS/Device/ST/STM32F7xx/Include -I../Drivers/CMSIS/Include -O0 -ffunction-sections -fdata-sections -Wall -fstack-usage -fcyclomatic-complexity -MMD -MP -MF"Core/Src/main.d" -MT"Core/Src/main.o" --specs=nano.specs -mfpu=fpv5-d16 -mfloat-abi=hard -mthumb -o "Core/Src/main.o"
../Core/Src/main.c: In function 'main':
../Core/Src/main.c:106:7: error: implicit declaration of function '__HAL_UART_Receive'; did you mean 'HAL_UART_Receive'? [-Wimplicit-function-declaration]
  106 |       __HAL_UART_Receive(&huart3, (uint8_t*)&ch1, 1, HAL_MAX_DELAY);
      |       ^~~~~~~~~~~~~~~~~~
      |       HAL_UART_Receive
make: *** [Core/Src/subdir.mk:40: Core/Src/main.o] Error 1
"make -j16 all" terminated with exit code 2. Build might be incomplete.
16:10:30 **** Incremental Build of configuration Debug for project Lab3 ****
make -j16 all 
arm-none-eabi-gcc "../Core/Src/main.c" -mcpu=cortex-m7 -std=gnu11 -g3 -DDEBUG -DUSE_HAL_DRIVER -DSTM32F767xx -c -I../Core/Inc -I../Drivers/STM32F7xx_HAL_Driver/Inc -I../Drivers/STM32F7xx_HAL_Driver/Inc/Legacy -I../Drivers/CMSIS/Device/ST/STM32F7xx/Include -I../Drivers/CMSIS/Include -O0 -ffunction-sections -fdata-sections -Wall -fstack-usage -fcyclomatic-complexity -MMD -MP -MF"Core/Src/main.d" -MT"Core/Src/main.o" --specs=nano.specs -mfpu=fpv5-d16 -mfloat-abi=hard -mthumb -o "Core/Src/main.o"
arm-none-eabi-gcc -o "Lab3.elf" @"objects.list"   -mcpu=cortex-m7 -T"E:\3rd_Year\MAD\Lab\Lab3\STM32F767ZITX_FLASH.ld" --specs=nosys.specs -Wl,-Map="Lab3.map" -Wl,--gc-sections -static --specs=nano.specs -mfpu=fpv5-d16 -mfloat-abi=hard -mthumb -Wl,--start-group -lc -lm -Wl,--end-group
Finished building target: Lab3.elf
 
arm-none-eabi-size  Lab3.elf 
arm-none-eabi-objdump -h -S Lab3.elf  > "Lab3.list"
   text	   data	    bss	    dec	    hex	filename
  12516	     12	   1708	  14236	   379c	Lab3.elf
Finished building: default.size.stdout
 
Finished building: Lab3.list
 
16:12:13 **** Incremental Build of configuration Debug for project Lab3 ****
make -j16 all 
arm-none-eabi-size  Lab3.elf 
   text	   data	    bss	    dec	    hex	filename
  12516	     12	   1708	  14236	   379c	Lab3.elf
Finished building: default.size.stdout
 
16:14:04 **** Incremental Build of configuration Debug for project Lab3 ****
make -j16 all 
arm-none-eabi-gcc "../Core/Src/main.c" -mcpu=cortex-m7 -std=gnu11 -g3 -DDEBUG -DUSE_HAL_DRIVER -DSTM32F767xx -c -I../Core/Inc -I../Drivers/STM32F7xx_HAL_Driver/Inc -I../Drivers/STM32F7xx_HAL_Driver/Inc/Legacy -I../Drivers/CMSIS/Device/ST/STM32F7xx/Include -I../Drivers/CMSIS/Include -O0 -ffunction-sections -fdata-sections -Wall -fstack-usage -fcyclomatic-complexity -MMD -MP -MF"Core/Src/main.d" -MT"Core/Src/main.o" --specs=nano.specs -mfpu=fpv5-d16 -mfloat-abi=hard -mthumb -o "Core/Src/main.o"
../Core/Src/main.c: In function 'main':
../Core/Src/main.c:110:19: error: implicit declaration of function 'HAL_UART_GET_FLAG' [-Wimplicit-function-declaration]
  110 |            while (HAL_UART_GET_FLAG(&huart3, UART_FLAG_TC) == RESET) {}
      |                   ^~~~~~~~~~~~~~~~~
../Core/Src/main.c:111:38: warning: cast from pointer to integer of different size [-Wpointer-to-int-cast]
  111 |            HAL_UART_Transmit(&huart3,(uint8_t)"QUIT\r\n", 6, 1000);
      |                                      ^
../Core/Src/main.c:111:38: error: passing argument 2 of 'HAL_UART_Transmit' makes pointer from integer without a cast [-Wint-conversion]
  111 |            HAL_UART_Transmit(&huart3,(uint8_t)"QUIT\r\n", 6, 1000);
      |                                      ^~~~~~~~~~~~~~~~~~~
      |                                      |
      |                                      unsigned char
In file included from ../Core/Inc/stm32f7xx_hal_conf.h:415,
                 from ../Drivers/STM32F7xx_HAL_Driver/Inc/stm32f7xx_hal.h:29,
                 from ../Core/Inc/main.h:30,
                 from ../Core/Src/main.c:10:
../Drivers/STM32F7xx_HAL_Driver/Inc/stm32f7xx_hal_uart.h:1557:79: note: expected 'const uint8_t *' {aka 'const unsigned char *'} but argument is of type 'unsigned char'
 1557 | HAL_StatusTypeDef HAL_UART_Transmit(UART_HandleTypeDef *huart, const uint8_t *pData, uint16_t Size, uint32_t Timeout);
      |                                                                ~~~~~~~~~~~~~~~^~~~~
../Core/Src/main.c:115:20: warning: comparison between pointer and integer
  115 |       else if (ch1 == "1") { // 1
      |                    ^~
../Core/Src/main.c:115:20: warning: comparison with string literal results in unspecified behavior [-Waddress]
../Core/Src/main.c:123:20: warning: comparison between pointer and integer
  123 |       else if (ch1 == "2") { // 2
      |                    ^~
../Core/Src/main.c:123:20: warning: comparison with string literal results in unspecified behavior [-Waddress]
../Core/Src/main.c:131:20: warning: comparison between pointer and integer
  131 |       else if (ch1 == "m") { // m
      |                    ^~
../Core/Src/main.c:131:20: warning: comparison with string literal results in unspecified behavior [-Waddress]
../Core/Src/main.c:133:38: warning: cast from pointer to integer of different size [-Wpointer-to-int-cast]
  133 |           HAL_UART_Transmit(&huart3, (uint8_t)unk, len, 1000);
      |                                      ^
../Core/Src/main.c:133:38: error: passing argument 2 of 'HAL_UART_Transmit' makes pointer from integer without a cast [-Wint-conversion]
  133 |           HAL_UART_Transmit(&huart3, (uint8_t)unk, len, 1000);
      |                                      ^~~~~~~~~~~~
      |                                      |
      |                                      unsigned char
../Drivers/STM32F7xx_HAL_Driver/Inc/stm32f7xx_hal_uart.h:1557:79: note: expected 'const uint8_t *' {aka 'const unsigned char *'} but argument is of type 'unsigned char'
 1557 | HAL_StatusTypeDef HAL_UART_Transmit(UART_HandleTypeDef *huart, const uint8_t *pData, uint16_t Size, uint32_t Timeout);
      |                                                                ~~~~~~~~~~~~~~~^~~~~
../Core/Src/main.c:137:39: warning: cast from pointer to integer of different size [-Wpointer-to-int-cast]
  137 |            HAL_UART_Transmit(&huart3, (uint8_t)name, len, 1000);
      |                                       ^
../Core/Src/main.c:137:39: error: passing argument 2 of 'HAL_UART_Transmit' makes pointer from integer without a cast [-Wint-conversion]
  137 |            HAL_UART_Transmit(&huart3, (uint8_t)name, len, 1000);
      |                                       ^~~~~~~~~~~~~
      |                                       |
      |                                       unsigned char
../Drivers/STM32F7xx_HAL_Driver/Inc/stm32f7xx_hal_uart.h:1557:79: note: expected 'const uint8_t *' {aka 'const unsigned char *'} but argument is of type 'unsigned char'
 1557 | HAL_StatusTypeDef HAL_UART_Transmit(UART_HandleTypeDef *huart, const uint8_t *pData, uint16_t Size, uint32_t Timeout);
      |                                                                ~~~~~~~~~~~~~~~^~~~~
make: *** [Core/Src/subdir.mk:40: Core/Src/main.o] Error 1
"make -j16 all" terminated with exit code 2. Build might be incomplete.
16:14:14 **** Incremental Build of configuration Debug for project Lab3 ****
make -j16 all 
arm-none-eabi-gcc "../Core/Src/main.c" -mcpu=cortex-m7 -std=gnu11 -g3 -DDEBUG -DUSE_HAL_DRIVER -DSTM32F767xx -c -I../Core/Inc -I../Drivers/STM32F7xx_HAL_Driver/Inc -I../Drivers/STM32F7xx_HAL_Driver/Inc/Legacy -I../Drivers/CMSIS/Device/ST/STM32F7xx/Include -I../Drivers/CMSIS/Include -O0 -ffunction-sections -fdata-sections -Wall -fstack-usage -fcyclomatic-complexity -MMD -MP -MF"Core/Src/main.d" -MT"Core/Src/main.o" --specs=nano.specs -mfpu=fpv5-d16 -mfloat-abi=hard -mthumb -o "Core/Src/main.o"
../Core/Src/main.c: In function 'main':
../Core/Src/main.c:110:19: error: implicit declaration of function 'HAL_UART_GET_FLAG' [-Wimplicit-function-declaration]
  110 |            while (HAL_UART_GET_FLAG(&huart3, UART_FLAG_TC) == RESET) {}
      |                   ^~~~~~~~~~~~~~~~~
../Core/Src/main.c:111:38: warning: cast from pointer to integer of different size [-Wpointer-to-int-cast]
  111 |            HAL_UART_Transmit(&huart3,(uint8_t)"QUIT\r\n", 6, 1000);
      |                                      ^
../Core/Src/main.c:111:38: error: passing argument 2 of 'HAL_UART_Transmit' makes pointer from integer without a cast [-Wint-conversion]
  111 |            HAL_UART_Transmit(&huart3,(uint8_t)"QUIT\r\n", 6, 1000);
      |                                      ^~~~~~~~~~~~~~~~~~~
      |                                      |
      |                                      unsigned char
In file included from ../Core/Inc/stm32f7xx_hal_conf.h:415,
                 from ../Drivers/STM32F7xx_HAL_Driver/Inc/stm32f7xx_hal.h:29,
                 from ../Core/Inc/main.h:30,
                 from ../Core/Src/main.c:10:
../Drivers/STM32F7xx_HAL_Driver/Inc/stm32f7xx_hal_uart.h:1557:79: note: expected 'const uint8_t *' {aka 'const unsigned char *'} but argument is of type 'unsigned char'
 1557 | HAL_StatusTypeDef HAL_UART_Transmit(UART_HandleTypeDef *huart, const uint8_t *pData, uint16_t Size, uint32_t Timeout);
      |                                                                ~~~~~~~~~~~~~~~^~~~~
../Core/Src/main.c:115:20: warning: comparison between pointer and integer
  115 |       else if (ch1 == "1") { // 1
      |                    ^~
../Core/Src/main.c:115:20: warning: comparison with string literal results in unspecified behavior [-Waddress]
../Core/Src/main.c:123:20: warning: comparison between pointer and integer
  123 |       else if (ch1 == "2") { // 2
      |                    ^~
../Core/Src/main.c:123:20: warning: comparison with string literal results in unspecified behavior [-Waddress]
../Core/Src/main.c:131:20: warning: comparison between pointer and integer
  131 |       else if (ch1 == "m") { // m
      |                    ^~
../Core/Src/main.c:131:20: warning: comparison with string literal results in unspecified behavior [-Waddress]
../Core/Src/main.c:133:38: warning: cast from pointer to integer of different size [-Wpointer-to-int-cast]
  133 |           HAL_UART_Transmit(&huart3, (uint8_t)unk, len, 1000);
      |                                      ^
../Core/Src/main.c:133:38: error: passing argument 2 of 'HAL_UART_Transmit' makes pointer from integer without a cast [-Wint-conversion]
  133 |           HAL_UART_Transmit(&huart3, (uint8_t)unk, len, 1000);
      |                                      ^~~~~~~~~~~~
      |                                      |
      |                                      unsigned char
../Drivers/STM32F7xx_HAL_Driver/Inc/stm32f7xx_hal_uart.h:1557:79: note: expected 'const uint8_t *' {aka 'const unsigned char *'} but argument is of type 'unsigned char'
 1557 | HAL_StatusTypeDef HAL_UART_Transmit(UART_HandleTypeDef *huart, const uint8_t *pData, uint16_t Size, uint32_t Timeout);
      |                                                                ~~~~~~~~~~~~~~~^~~~~
../Core/Src/main.c:137:39: warning: cast from pointer to integer of different size [-Wpointer-to-int-cast]
  137 |            HAL_UART_Transmit(&huart3, (uint8_t)name, len, 1000);
      |                                       ^
../Core/Src/main.c:137:39: error: passing argument 2 of 'HAL_UART_Transmit' makes pointer from integer without a cast [-Wint-conversion]
  137 |            HAL_UART_Transmit(&huart3, (uint8_t)name, len, 1000);
      |                                       ^~~~~~~~~~~~~
      |                                       |
      |                                       unsigned char
../Drivers/STM32F7xx_HAL_Driver/Inc/stm32f7xx_hal_uart.h:1557:79: note: expected 'const uint8_t *' {aka 'const unsigned char *'} but argument is of type 'unsigned char'
 1557 | HAL_StatusTypeDef HAL_UART_Transmit(UART_HandleTypeDef *huart, const uint8_t *pData, uint16_t Size, uint32_t Timeout);
      |                                                                ~~~~~~~~~~~~~~~^~~~~
make: *** [Core/Src/subdir.mk:40: Core/Src/main.o] Error 1
"make -j16 all" terminated with exit code 2. Build might be incomplete.
16:14:25 **** Incremental Build of configuration Debug for project Lab3 ****
make -j16 all 
arm-none-eabi-gcc "../Core/Src/main.c" -mcpu=cortex-m7 -std=gnu11 -g3 -DDEBUG -DUSE_HAL_DRIVER -DSTM32F767xx -c -I../Core/Inc -I../Drivers/STM32F7xx_HAL_Driver/Inc -I../Drivers/STM32F7xx_HAL_Driver/Inc/Legacy -I../Drivers/CMSIS/Device/ST/STM32F7xx/Include -I../Drivers/CMSIS/Include -O0 -ffunction-sections -fdata-sections -Wall -fstack-usage -fcyclomatic-complexity -MMD -MP -MF"Core/Src/main.d" -MT"Core/Src/main.o" --specs=nano.specs -mfpu=fpv5-d16 -mfloat-abi=hard -mthumb -o "Core/Src/main.o"
../Core/Src/main.c: In function 'main':
../Core/Src/main.c:111:38: warning: cast from pointer to integer of different size [-Wpointer-to-int-cast]
  111 |            HAL_UART_Transmit(&huart3,(uint8_t)"QUIT\r\n", 6, 1000);
      |                                      ^
../Core/Src/main.c:111:38: error: passing argument 2 of 'HAL_UART_Transmit' makes pointer from integer without a cast [-Wint-conversion]
  111 |            HAL_UART_Transmit(&huart3,(uint8_t)"QUIT\r\n", 6, 1000);
      |                                      ^~~~~~~~~~~~~~~~~~~
      |                                      |
      |                                      unsigned char
In file included from ../Core/Inc/stm32f7xx_hal_conf.h:415,
                 from ../Drivers/STM32F7xx_HAL_Driver/Inc/stm32f7xx_hal.h:29,
                 from ../Core/Inc/main.h:30,
                 from ../Core/Src/main.c:10:
../Drivers/STM32F7xx_HAL_Driver/Inc/stm32f7xx_hal_uart.h:1557:79: note: expected 'const uint8_t *' {aka 'const unsigned char *'} but argument is of type 'unsigned char'
 1557 | HAL_StatusTypeDef HAL_UART_Transmit(UART_HandleTypeDef *huart, const uint8_t *pData, uint16_t Size, uint32_t Timeout);
      |                                                                ~~~~~~~~~~~~~~~^~~~~
../Core/Src/main.c:115:20: warning: comparison between pointer and integer
  115 |       else if (ch1 == "1") { // 1
      |                    ^~
../Core/Src/main.c:115:20: warning: comparison with string literal results in unspecified behavior [-Waddress]
../Core/Src/main.c:123:20: warning: comparison between pointer and integer
  123 |       else if (ch1 == "2") { // 2
      |                    ^~
../Core/Src/main.c:123:20: warning: comparison with string literal results in unspecified behavior [-Waddress]
../Core/Src/main.c:131:20: warning: comparison between pointer and integer
  131 |       else if (ch1 == "m") { // m
      |                    ^~
../Core/Src/main.c:131:20: warning: comparison with string literal results in unspecified behavior [-Waddress]
../Core/Src/main.c:133:38: warning: cast from pointer to integer of different size [-Wpointer-to-int-cast]
  133 |           HAL_UART_Transmit(&huart3, (uint8_t)unk, len, 1000);
      |                                      ^
../Core/Src/main.c:133:38: error: passing argument 2 of 'HAL_UART_Transmit' makes pointer from integer without a cast [-Wint-conversion]
  133 |           HAL_UART_Transmit(&huart3, (uint8_t)unk, len, 1000);
      |                                      ^~~~~~~~~~~~
      |                                      |
      |                                      unsigned char
../Drivers/STM32F7xx_HAL_Driver/Inc/stm32f7xx_hal_uart.h:1557:79: note: expected 'const uint8_t *' {aka 'const unsigned char *'} but argument is of type 'unsigned char'
 1557 | HAL_StatusTypeDef HAL_UART_Transmit(UART_HandleTypeDef *huart, const uint8_t *pData, uint16_t Size, uint32_t Timeout);
      |                                                                ~~~~~~~~~~~~~~~^~~~~
../Core/Src/main.c:137:39: warning: cast from pointer to integer of different size [-Wpointer-to-int-cast]
  137 |            HAL_UART_Transmit(&huart3, (uint8_t)name, len, 1000);
      |                                       ^
../Core/Src/main.c:137:39: error: passing argument 2 of 'HAL_UART_Transmit' makes pointer from integer without a cast [-Wint-conversion]
  137 |            HAL_UART_Transmit(&huart3, (uint8_t)name, len, 1000);
      |                                       ^~~~~~~~~~~~~
      |                                       |
      |                                       unsigned char
../Drivers/STM32F7xx_HAL_Driver/Inc/stm32f7xx_hal_uart.h:1557:79: note: expected 'const uint8_t *' {aka 'const unsigned char *'} but argument is of type 'unsigned char'
 1557 | HAL_StatusTypeDef HAL_UART_Transmit(UART_HandleTypeDef *huart, const uint8_t *pData, uint16_t Size, uint32_t Timeout);
      |                                                                ~~~~~~~~~~~~~~~^~~~~
make: *** [Core/Src/subdir.mk:40: Core/Src/main.o] Error 1
"make -j16 all" terminated with exit code 2. Build might be incomplete.
16:14:32 **** Incremental Build of configuration Debug for project Lab3 ****
make -j16 all 
arm-none-eabi-gcc "../Core/Src/main.c" -mcpu=cortex-m7 -std=gnu11 -g3 -DDEBUG -DUSE_HAL_DRIVER -DSTM32F767xx -c -I../Core/Inc -I../Drivers/STM32F7xx_HAL_Driver/Inc -I../Drivers/STM32F7xx_HAL_Driver/Inc/Legacy -I../Drivers/CMSIS/Device/ST/STM32F7xx/Include -I../Drivers/CMSIS/Include -O0 -ffunction-sections -fdata-sections -Wall -fstack-usage -fcyclomatic-complexity -MMD -MP -MF"Core/Src/main.d" -MT"Core/Src/main.o" --specs=nano.specs -mfpu=fpv5-d16 -mfloat-abi=hard -mthumb -o "Core/Src/main.o"
../Core/Src/main.c: In function 'main':
../Core/Src/main.c:111:38: warning: cast from pointer to integer of different size [-Wpointer-to-int-cast]
  111 |            HAL_UART_Transmit(&huart3,(uint8_t)"QUIT\r\n", 6, 1000);
      |                                      ^
../Core/Src/main.c:111:38: error: passing argument 2 of 'HAL_UART_Transmit' makes pointer from integer without a cast [-Wint-conversion]
  111 |            HAL_UART_Transmit(&huart3,(uint8_t)"QUIT\r\n", 6, 1000);
      |                                      ^~~~~~~~~~~~~~~~~~~
      |                                      |
      |                                      unsigned char
In file included from ../Core/Inc/stm32f7xx_hal_conf.h:415,
                 from ../Drivers/STM32F7xx_HAL_Driver/Inc/stm32f7xx_hal.h:29,
                 from ../Core/Inc/main.h:30,
                 from ../Core/Src/main.c:10:
../Drivers/STM32F7xx_HAL_Driver/Inc/stm32f7xx_hal_uart.h:1557:79: note: expected 'const uint8_t *' {aka 'const unsigned char *'} but argument is of type 'unsigned char'
 1557 | HAL_StatusTypeDef HAL_UART_Transmit(UART_HandleTypeDef *huart, const uint8_t *pData, uint16_t Size, uint32_t Timeout);
      |                                                                ~~~~~~~~~~~~~~~^~~~~
../Core/Src/main.c:115:20: warning: comparison between pointer and integer
  115 |       else if (ch1 == "1") { // 1
      |                    ^~
../Core/Src/main.c:115:20: warning: comparison with string literal results in unspecified behavior [-Waddress]
../Core/Src/main.c:123:20: warning: comparison between pointer and integer
  123 |       else if (ch1 == "2") { // 2
      |                    ^~
../Core/Src/main.c:123:20: warning: comparison with string literal results in unspecified behavior [-Waddress]
../Core/Src/main.c:131:20: warning: comparison between pointer and integer
  131 |       else if (ch1 == "m") { // m
      |                    ^~
../Core/Src/main.c:131:20: warning: comparison with string literal results in unspecified behavior [-Waddress]
../Core/Src/main.c:133:38: warning: cast from pointer to integer of different size [-Wpointer-to-int-cast]
  133 |           HAL_UART_Transmit(&huart3, (uint8_t)unk, len, 1000);
      |                                      ^
../Core/Src/main.c:133:38: error: passing argument 2 of 'HAL_UART_Transmit' makes pointer from integer without a cast [-Wint-conversion]
  133 |           HAL_UART_Transmit(&huart3, (uint8_t)unk, len, 1000);
      |                                      ^~~~~~~~~~~~
      |                                      |
      |                                      unsigned char
../Drivers/STM32F7xx_HAL_Driver/Inc/stm32f7xx_hal_uart.h:1557:79: note: expected 'const uint8_t *' {aka 'const unsigned char *'} but argument is of type 'unsigned char'
 1557 | HAL_StatusTypeDef HAL_UART_Transmit(UART_HandleTypeDef *huart, const uint8_t *pData, uint16_t Size, uint32_t Timeout);
      |                                                                ~~~~~~~~~~~~~~~^~~~~
../Core/Src/main.c:137:39: warning: cast from pointer to integer of different size [-Wpointer-to-int-cast]
  137 |            HAL_UART_Transmit(&huart3, (uint8_t)name, len, 1000);
      |                                       ^
../Core/Src/main.c:137:39: error: passing argument 2 of 'HAL_UART_Transmit' makes pointer from integer without a cast [-Wint-conversion]
  137 |            HAL_UART_Transmit(&huart3, (uint8_t)name, len, 1000);
      |                                       ^~~~~~~~~~~~~
      |                                       |
      |                                       unsigned char
../Drivers/STM32F7xx_HAL_Driver/Inc/stm32f7xx_hal_uart.h:1557:79: note: expected 'const uint8_t *' {aka 'const unsigned char *'} but argument is of type 'unsigned char'
 1557 | HAL_StatusTypeDef HAL_UART_Transmit(UART_HandleTypeDef *huart, const uint8_t *pData, uint16_t Size, uint32_t Timeout);
      |                                                                ~~~~~~~~~~~~~~~^~~~~
make: *** [Core/Src/subdir.mk:40: Core/Src/main.o] Error 1
"make -j16 all" terminated with exit code 2. Build might be incomplete.
16:14:36 **** Incremental Build of configuration Debug for project Lab3 ****
make -j16 all 
arm-none-eabi-gcc "../Core/Src/main.c" -mcpu=cortex-m7 -std=gnu11 -g3 -DDEBUG -DUSE_HAL_DRIVER -DSTM32F767xx -c -I../Core/Inc -I../Drivers/STM32F7xx_HAL_Driver/Inc -I../Drivers/STM32F7xx_HAL_Driver/Inc/Legacy -I../Drivers/CMSIS/Device/ST/STM32F7xx/Include -I../Drivers/CMSIS/Include -O0 -ffunction-sections -fdata-sections -Wall -fstack-usage -fcyclomatic-complexity -MMD -MP -MF"Core/Src/main.d" -MT"Core/Src/main.o" --specs=nano.specs -mfpu=fpv5-d16 -mfloat-abi=hard -mthumb -o "Core/Src/main.o"
../Core/Src/main.c: In function 'main':
../Core/Src/main.c:111:38: warning: cast from pointer to integer of different size [-Wpointer-to-int-cast]
  111 |            HAL_UART_Transmit(&huart3,(uint8_t)"QUIT\r\n", 6, 1000);
      |                                      ^
../Core/Src/main.c:111:38: error: passing argument 2 of 'HAL_UART_Transmit' makes pointer from integer without a cast [-Wint-conversion]
  111 |            HAL_UART_Transmit(&huart3,(uint8_t)"QUIT\r\n", 6, 1000);
      |                                      ^~~~~~~~~~~~~~~~~~~
      |                                      |
      |                                      unsigned char
In file included from ../Core/Inc/stm32f7xx_hal_conf.h:415,
                 from ../Drivers/STM32F7xx_HAL_Driver/Inc/stm32f7xx_hal.h:29,
                 from ../Core/Inc/main.h:30,
                 from ../Core/Src/main.c:10:
../Drivers/STM32F7xx_HAL_Driver/Inc/stm32f7xx_hal_uart.h:1557:79: note: expected 'const uint8_t *' {aka 'const unsigned char *'} but argument is of type 'unsigned char'
 1557 | HAL_StatusTypeDef HAL_UART_Transmit(UART_HandleTypeDef *huart, const uint8_t *pData, uint16_t Size, uint32_t Timeout);
      |                                                                ~~~~~~~~~~~~~~~^~~~~
../Core/Src/main.c:115:20: warning: comparison between pointer and integer
  115 |       else if (ch1 == "1") { // 1
      |                    ^~
../Core/Src/main.c:115:20: warning: comparison with string literal results in unspecified behavior [-Waddress]
../Core/Src/main.c:123:20: warning: comparison between pointer and integer
  123 |       else if (ch1 == "2") { // 2
      |                    ^~
../Core/Src/main.c:123:20: warning: comparison with string literal results in unspecified behavior [-Waddress]
../Core/Src/main.c:131:20: warning: comparison between pointer and integer
  131 |       else if (ch1 == "m") { // m
      |                    ^~
../Core/Src/main.c:131:20: warning: comparison with string literal results in unspecified behavior [-Waddress]
../Core/Src/main.c:133:38: warning: cast from pointer to integer of different size [-Wpointer-to-int-cast]
  133 |           HAL_UART_Transmit(&huart3, (uint8_t)unk, len, 1000);
      |                                      ^
../Core/Src/main.c:133:38: error: passing argument 2 of 'HAL_UART_Transmit' makes pointer from integer without a cast [-Wint-conversion]
  133 |           HAL_UART_Transmit(&huart3, (uint8_t)unk, len, 1000);
      |                                      ^~~~~~~~~~~~
      |                                      |
      |                                      unsigned char
../Drivers/STM32F7xx_HAL_Driver/Inc/stm32f7xx_hal_uart.h:1557:79: note: expected 'const uint8_t *' {aka 'const unsigned char *'} but argument is of type 'unsigned char'
 1557 | HAL_StatusTypeDef HAL_UART_Transmit(UART_HandleTypeDef *huart, const uint8_t *pData, uint16_t Size, uint32_t Timeout);
      |                                                                ~~~~~~~~~~~~~~~^~~~~
../Core/Src/main.c:137:39: warning: cast from pointer to integer of different size [-Wpointer-to-int-cast]
  137 |            HAL_UART_Transmit(&huart3, (uint8_t)name, len, 1000);
      |                                       ^
../Core/Src/main.c:137:39: error: passing argument 2 of 'HAL_UART_Transmit' makes pointer from integer without a cast [-Wint-conversion]
  137 |            HAL_UART_Transmit(&huart3, (uint8_t)name, len, 1000);
      |                                       ^~~~~~~~~~~~~
      |                                       |
      |                                       unsigned char
../Drivers/STM32F7xx_HAL_Driver/Inc/stm32f7xx_hal_uart.h:1557:79: note: expected 'const uint8_t *' {aka 'const unsigned char *'} but argument is of type 'unsigned char'
 1557 | HAL_StatusTypeDef HAL_UART_Transmit(UART_HandleTypeDef *huart, const uint8_t *pData, uint16_t Size, uint32_t Timeout);
      |                                                                ~~~~~~~~~~~~~~~^~~~~
make: *** [Core/Src/subdir.mk:40: Core/Src/main.o] Error 1
"make -j16 all" terminated with exit code 2. Build might be incomplete.
16:15:08 **** Incremental Build of configuration Debug for project Lab3 ****
make -j16 all 
arm-none-eabi-gcc "../Core/Src/main.c" -mcpu=cortex-m7 -std=gnu11 -g3 -DDEBUG -DUSE_HAL_DRIVER -DSTM32F767xx -c -I../Core/Inc -I../Drivers/STM32F7xx_HAL_Driver/Inc -I../Drivers/STM32F7xx_HAL_Driver/Inc/Legacy -I../Drivers/CMSIS/Device/ST/STM32F7xx/Include -I../Drivers/CMSIS/Include -O0 -ffunction-sections -fdata-sections -Wall -fstack-usage -fcyclomatic-complexity -MMD -MP -MF"Core/Src/main.d" -MT"Core/Src/main.o" --specs=nano.specs -mfpu=fpv5-d16 -mfloat-abi=hard -mthumb -o "Core/Src/main.o"
../Core/Src/main.c: In function 'main':
../Core/Src/main.c:111:38: warning: cast from pointer to integer of different size [-Wpointer-to-int-cast]
  111 |            HAL_UART_Transmit(&huart3,(uint8_t)"QUIT\r\n", 6, 1000);
      |                                      ^
../Core/Src/main.c:111:38: error: passing argument 2 of 'HAL_UART_Transmit' makes pointer from integer without a cast [-Wint-conversion]
  111 |            HAL_UART_Transmit(&huart3,(uint8_t)"QUIT\r\n", 6, 1000);
      |                                      ^~~~~~~~~~~~~~~~~~~
      |                                      |
      |                                      unsigned char
In file included from ../Core/Inc/stm32f7xx_hal_conf.h:415,
                 from ../Drivers/STM32F7xx_HAL_Driver/Inc/stm32f7xx_hal.h:29,
                 from ../Core/Inc/main.h:30,
                 from ../Core/Src/main.c:10:
../Drivers/STM32F7xx_HAL_Driver/Inc/stm32f7xx_hal_uart.h:1557:79: note: expected 'const uint8_t *' {aka 'const unsigned char *'} but argument is of type 'unsigned char'
 1557 | HAL_StatusTypeDef HAL_UART_Transmit(UART_HandleTypeDef *huart, const uint8_t *pData, uint16_t Size, uint32_t Timeout);
      |                                                                ~~~~~~~~~~~~~~~^~~~~
../Core/Src/main.c:115:20: warning: comparison between pointer and integer
  115 |       else if (ch1 == "1") { // 1
      |                    ^~
../Core/Src/main.c:115:20: warning: comparison with string literal results in unspecified behavior [-Waddress]
../Core/Src/main.c:123:20: warning: comparison between pointer and integer
  123 |       else if (ch1 == "2") { // 2
      |                    ^~
../Core/Src/main.c:123:20: warning: comparison with string literal results in unspecified behavior [-Waddress]
../Core/Src/main.c:131:20: warning: comparison between pointer and integer
  131 |       else if (ch1 == "m") { // m
      |                    ^~
../Core/Src/main.c:131:20: warning: comparison with string literal results in unspecified behavior [-Waddress]
../Core/Src/main.c:133:11: error: implicit declaration of function '__HAL_UART_Transmit'; did you mean 'HAL_UART_Transmit'? [-Wimplicit-function-declaration]
  133 |           __HAL_UART_Transmit(&huart3, (uint8_t)unk, len, 1000);
      |           ^~~~~~~~~~~~~~~~~~~
      |           HAL_UART_Transmit
../Core/Src/main.c:133:40: warning: cast from pointer to integer of different size [-Wpointer-to-int-cast]
  133 |           __HAL_UART_Transmit(&huart3, (uint8_t)unk, len, 1000);
      |                                        ^
../Core/Src/main.c:137:41: warning: cast from pointer to integer of different size [-Wpointer-to-int-cast]
  137 |            __HAL_UART_Transmit(&huart3, (uint8_t)name, len, 1000);
      |                                         ^
make: *** [Core/Src/subdir.mk:40: Core/Src/main.o] Error 1
"make -j16 all" terminated with exit code 2. Build might be incomplete.
16:15:18 **** Incremental Build of configuration Debug for project Lab3 ****
make -j16 all 
arm-none-eabi-gcc "../Core/Src/main.c" -mcpu=cortex-m7 -std=gnu11 -g3 -DDEBUG -DUSE_HAL_DRIVER -DSTM32F767xx -c -I../Core/Inc -I../Drivers/STM32F7xx_HAL_Driver/Inc -I../Drivers/STM32F7xx_HAL_Driver/Inc/Legacy -I../Drivers/CMSIS/Device/ST/STM32F7xx/Include -I../Drivers/CMSIS/Include -O0 -ffunction-sections -fdata-sections -Wall -fstack-usage -fcyclomatic-complexity -MMD -MP -MF"Core/Src/main.d" -MT"Core/Src/main.o" --specs=nano.specs -mfpu=fpv5-d16 -mfloat-abi=hard -mthumb -o "Core/Src/main.o"
../Core/Src/main.c: In function 'main':
../Core/Src/main.c:111:12: error: implicit declaration of function '__HAL_UART_Transmit'; did you mean 'HAL_UART_Transmit'? [-Wimplicit-function-declaration]
  111 |            __HAL_UART_Transmit(&huart3,(uint8_t)"QUIT\r\n", 6, 1000);
      |            ^~~~~~~~~~~~~~~~~~~
      |            HAL_UART_Transmit
../Core/Src/main.c:111:40: warning: cast from pointer to integer of different size [-Wpointer-to-int-cast]
  111 |            __HAL_UART_Transmit(&huart3,(uint8_t)"QUIT\r\n", 6, 1000);
      |                                        ^
../Core/Src/main.c:115:20: warning: comparison between pointer and integer
  115 |       else if (ch1 == "1") { // 1
      |                    ^~
../Core/Src/main.c:115:20: warning: comparison with string literal results in unspecified behavior [-Waddress]
../Core/Src/main.c:123:20: warning: comparison between pointer and integer
  123 |       else if (ch1 == "2") { // 2
      |                    ^~
../Core/Src/main.c:123:20: warning: comparison with string literal results in unspecified behavior [-Waddress]
../Core/Src/main.c:131:20: warning: comparison between pointer and integer
  131 |       else if (ch1 == "m") { // m
      |                    ^~
../Core/Src/main.c:131:20: warning: comparison with string literal results in unspecified behavior [-Waddress]
../Core/Src/main.c:133:40: warning: cast from pointer to integer of different size [-Wpointer-to-int-cast]
  133 |           __HAL_UART_Transmit(&huart3, (uint8_t)unk, len, 1000);
      |                                        ^
../Core/Src/main.c:137:41: warning: cast from pointer to integer of different size [-Wpointer-to-int-cast]
  137 |            __HAL_UART_Transmit(&huart3, (uint8_t)name, len, 1000);
      |                                         ^
make: *** [Core/Src/subdir.mk:40: Core/Src/main.o] Error 1
"make -j16 all" terminated with exit code 2. Build might be incomplete.
16:15:34 **** Incremental Build of configuration Debug for project Lab3 ****
make -j16 all 
arm-none-eabi-gcc "../Core/Src/main.c" -mcpu=cortex-m7 -std=gnu11 -g3 -DDEBUG -DUSE_HAL_DRIVER -DSTM32F767xx -c -I../Core/Inc -I../Drivers/STM32F7xx_HAL_Driver/Inc -I../Drivers/STM32F7xx_HAL_Driver/Inc/Legacy -I../Drivers/CMSIS/Device/ST/STM32F7xx/Include -I../Drivers/CMSIS/Include -O0 -ffunction-sections -fdata-sections -Wall -fstack-usage -fcyclomatic-complexity -MMD -MP -MF"Core/Src/main.d" -MT"Core/Src/main.o" --specs=nano.specs -mfpu=fpv5-d16 -mfloat-abi=hard -mthumb -o "Core/Src/main.o"
../Core/Src/main.c: In function 'main':
../Core/Src/main.c:111:12: error: implicit declaration of function '__HAL_UART_Transmit'; did you mean 'HAL_UART_Transmit'? [-Wimplicit-function-declaration]
  111 |            __HAL_UART_Transmit(&huart3,(uint8_t*)"QUIT\r\n", 6, 1000);
      |            ^~~~~~~~~~~~~~~~~~~
      |            HAL_UART_Transmit
../Core/Src/main.c:115:20: warning: comparison between pointer and integer
  115 |       else if (ch1 == "1") { // 1
      |                    ^~
../Core/Src/main.c:115:20: warning: comparison with string literal results in unspecified behavior [-Waddress]
../Core/Src/main.c:123:20: warning: comparison between pointer and integer
  123 |       else if (ch1 == "2") { // 2
      |                    ^~
../Core/Src/main.c:123:20: warning: comparison with string literal results in unspecified behavior [-Waddress]
../Core/Src/main.c:131:20: warning: comparison between pointer and integer
  131 |       else if (ch1 == "m") { // m
      |                    ^~
../Core/Src/main.c:131:20: warning: comparison with string literal results in unspecified behavior [-Waddress]
../Core/Src/main.c:133:40: warning: cast from pointer to integer of different size [-Wpointer-to-int-cast]
  133 |           __HAL_UART_Transmit(&huart3, (uint8_t)unk, len, 1000);
      |                                        ^
../Core/Src/main.c:137:41: warning: cast from pointer to integer of different size [-Wpointer-to-int-cast]
  137 |            __HAL_UART_Transmit(&huart3, (uint8_t)name, len, 1000);
      |                                         ^
make: *** [Core/Src/subdir.mk:40: Core/Src/main.o] Error 1
"make -j16 all" terminated with exit code 2. Build might be incomplete.
16:17:28 **** Incremental Build of configuration Debug for project Lab3 ****
make -j16 all 
arm-none-eabi-gcc "../Core/Src/main.c" -mcpu=cortex-m7 -std=gnu11 -g3 -DDEBUG -DUSE_HAL_DRIVER -DSTM32F767xx -c -I../Core/Inc -I../Drivers/STM32F7xx_HAL_Driver/Inc -I../Drivers/STM32F7xx_HAL_Driver/Inc/Legacy -I../Drivers/CMSIS/Device/ST/STM32F7xx/Include -I../Drivers/CMSIS/Include -O0 -ffunction-sections -fdata-sections -Wall -fstack-usage -fcyclomatic-complexity -MMD -MP -MF"Core/Src/main.d" -MT"Core/Src/main.o" --specs=nano.specs -mfpu=fpv5-d16 -mfloat-abi=hard -mthumb -o "Core/Src/main.o"
arm-none-eabi-gcc -o "Lab3.elf" @"objects.list"   -mcpu=cortex-m7 -T"E:\3rd_Year\MAD\Lab\Lab3\STM32F767ZITX_FLASH.ld" --specs=nosys.specs -Wl,-Map="Lab3.map" -Wl,--gc-sections -static --specs=nano.specs -mfpu=fpv5-d16 -mfloat-abi=hard -mthumb -Wl,--start-group -lc -lm -Wl,--end-group
Finished building target: Lab3.elf
 
arm-none-eabi-size  Lab3.elf 
arm-none-eabi-objdump -h -S Lab3.elf  > "Lab3.list"
   text	   data	    bss	    dec	    hex	filename
  15256	     92	   2036	  17384	   43e8	Lab3.elf
Finished building: default.size.stdout
 
Finished building: Lab3.list
 
16:17:36 **** Incremental Build of configuration Debug for project Lab3 ****
make -j16 all 
arm-none-eabi-size  Lab3.elf 
   text	   data	    bss	    dec	    hex	filename
  15256	     92	   2036	  17384	   43e8	Lab3.elf
Finished building: default.size.stdout
 
16:23:41 **** Incremental Build of configuration Debug for project Lab3 ****
make -j16 all 
arm-none-eabi-gcc "../Core/Src/gpio.c" -mcpu=cortex-m7 -std=gnu11 -g3 -DDEBUG -DUSE_HAL_DRIVER -DSTM32F767xx -c -I../Core/Inc -I../Drivers/STM32F7xx_HAL_Driver/Inc -I../Drivers/STM32F7xx_HAL_Driver/Inc/Legacy -I../Drivers/CMSIS/Device/ST/STM32F7xx/Include -I../Drivers/CMSIS/Include -O0 -ffunction-sections -fdata-sections -Wall -fstack-usage -fcyclomatic-complexity -MMD -MP -MF"Core/Src/gpio.d" -MT"Core/Src/gpio.o" --specs=nano.specs -mfpu=fpv5-d16 -mfloat-abi=hard -mthumb -o "Core/Src/gpio.o"
arm-none-eabi-gcc "../Core/Src/main.c" -mcpu=cortex-m7 -std=gnu11 -g3 -DDEBUG -DUSE_HAL_DRIVER -DSTM32F767xx -c -I../Core/Inc -I../Drivers/STM32F7xx_HAL_Driver/Inc -I../Drivers/STM32F7xx_HAL_Driver/Inc/Legacy -I../Drivers/CMSIS/Device/ST/STM32F7xx/Include -I../Drivers/CMSIS/Include -O0 -ffunction-sections -fdata-sections -Wall -fstack-usage -fcyclomatic-complexity -MMD -MP -MF"Core/Src/main.d" -MT"Core/Src/main.o" --specs=nano.specs -mfpu=fpv5-d16 -mfloat-abi=hard -mthumb -o "Core/Src/main.o"
arm-none-eabi-gcc -o "Lab3.elf" @"objects.list"   -mcpu=cortex-m7 -T"E:\3rd_Year\MAD\Lab\Lab3\STM32F767ZITX_FLASH.ld" --specs=nosys.specs -Wl,-Map="Lab3.map" -Wl,--gc-sections -static --specs=nano.specs -mfpu=fpv5-d16 -mfloat-abi=hard -mthumb -Wl,--start-group -lc -lm -Wl,--end-group
Finished building target: Lab3.elf
 
arm-none-eabi-size  Lab3.elf 
arm-none-eabi-objdump -h -S Lab3.elf  > "Lab3.list"
   text	   data	    bss	    dec	    hex	filename
  15328	     92	   2036	  17456	   4430	Lab3.elf
Finished building: default.size.stdout
 
Finished building: Lab3.list
 
16:26:01 **** Incremental Build of configuration Debug for project Lab3 ****
make -j16 all 
arm-none-eabi-gcc "../Core/Src/main.c" -mcpu=cortex-m7 -std=gnu11 -g3 -DDEBUG -DUSE_HAL_DRIVER -DSTM32F767xx -c -I../Core/Inc -I../Drivers/STM32F7xx_HAL_Driver/Inc -I../Drivers/STM32F7xx_HAL_Driver/Inc/Legacy -I../Drivers/CMSIS/Device/ST/STM32F7xx/Include -I../Drivers/CMSIS/Include -O0 -ffunction-sections -fdata-sections -Wall -fstack-usage -fcyclomatic-complexity -MMD -MP -MF"Core/Src/main.d" -MT"Core/Src/main.o" --specs=nano.specs -mfpu=fpv5-d16 -mfloat-abi=hard -mthumb -o "Core/Src/main.o"
arm-none-eabi-gcc -o "Lab3.elf" @"objects.list"   -mcpu=cortex-m7 -T"E:\3rd_Year\MAD\Lab\Lab3\STM32F767ZITX_FLASH.ld" --specs=nosys.specs -Wl,-Map="Lab3.map" -Wl,--gc-sections -static --specs=nano.specs -mfpu=fpv5-d16 -mfloat-abi=hard -mthumb -Wl,--start-group -lc -lm -Wl,--end-group
Finished building target: Lab3.elf
 
arm-none-eabi-size  Lab3.elf 
arm-none-eabi-objdump -h -S Lab3.elf  > "Lab3.list"
   text	   data	    bss	    dec	    hex	filename
  15340	     92	   2036	  17468	   443c	Lab3.elf
Finished building: default.size.stdout
 
Finished building: Lab3.list
 
16:26:04 **** Incremental Build of configuration Debug for project Lab3 ****
make -j16 all 
arm-none-eabi-size  Lab3.elf 
   text	   data	    bss	    dec	    hex	filename
  15340	     92	   2036	  17468	   443c	Lab3.elf
Finished building: default.size.stdout
 
16:34:06 **** Incremental Build of configuration Debug for project Lab3 ****
make -j16 all 
arm-none-eabi-gcc "../Core/Src/main.c" -mcpu=cortex-m7 -std=gnu11 -g3 -DDEBUG -DUSE_HAL_DRIVER -DSTM32F767xx -c -I../Core/Inc -I../Drivers/STM32F7xx_HAL_Driver/Inc -I../Drivers/STM32F7xx_HAL_Driver/Inc/Legacy -I../Drivers/CMSIS/Device/ST/STM32F7xx/Include -I../Drivers/CMSIS/Include -O0 -ffunction-sections -fdata-sections -Wall -fstack-usage -fcyclomatic-complexity -MMD -MP -MF"Core/Src/main.d" -MT"Core/Src/main.o" --specs=nano.specs -mfpu=fpv5-d16 -mfloat-abi=hard -mthumb -o "Core/Src/main.o"
../Core/Src/main.c: In function 'main':
../Core/Src/main.c:97:135: warning: unknown escape sequence: '\Q'
   97 |                 char initText[] = "Display Blinking LED PRESS (1,2)\r\nDisplay Group Members PRESS m\r\Quit PRESS q\r\n\tInput =>\r\n";
      |                                                                                                                                       ^
arm-none-eabi-gcc -o "Lab3.elf" @"objects.list"   -mcpu=cortex-m7 -T"E:\3rd_Year\MAD\Lab\Lab3\STM32F767ZITX_FLASH.ld" --specs=nosys.specs -Wl,-Map="Lab3.map" -Wl,--gc-sections -static --specs=nano.specs -mfpu=fpv5-d16 -mfloat-abi=hard -mthumb -Wl,--start-group -lc -lm -Wl,--end-group
Finished building target: Lab3.elf
 
arm-none-eabi-size  Lab3.elf 
arm-none-eabi-objdump -h -S Lab3.elf  > "Lab3.list"
   text	   data	    bss	    dec	    hex	filename
  15508	     92	   2036	  17636	   44e4	Lab3.elf
Finished building: default.size.stdout
 
Finished building: Lab3.list
 
16:35:30 **** Incremental Build of configuration Debug for project Lab3 ****
make -j16 all 
arm-none-eabi-gcc "../Core/Src/main.c" -mcpu=cortex-m7 -std=gnu11 -g3 -DDEBUG -DUSE_HAL_DRIVER -DSTM32F767xx -c -I../Core/Inc -I../Drivers/STM32F7xx_HAL_Driver/Inc -I../Drivers/STM32F7xx_HAL_Driver/Inc/Legacy -I../Drivers/CMSIS/Device/ST/STM32F7xx/Include -I../Drivers/CMSIS/Include -O0 -ffunction-sections -fdata-sections -Wall -fstack-usage -fcyclomatic-complexity -MMD -MP -MF"Core/Src/main.d" -MT"Core/Src/main.o" --specs=nano.specs -mfpu=fpv5-d16 -mfloat-abi=hard -mthumb -o "Core/Src/main.o"
../Core/Src/main.c: In function 'main':
../Core/Src/main.c:97:135: warning: unknown escape sequence: '\Q'
   97 |                 char initText[] = "Display Blinking LED PRESS (1,2)\r\nDisplay Group Members PRESS m\r\Quit PRESS q\r\n\tInput =>\r\n";
      |                                                                                                                                       ^
arm-none-eabi-gcc -o "Lab3.elf" @"objects.list"   -mcpu=cortex-m7 -T"E:\3rd_Year\MAD\Lab\Lab3\STM32F767ZITX_FLASH.ld" --specs=nosys.specs -Wl,-Map="Lab3.map" -Wl,--gc-sections -static --specs=nano.specs -mfpu=fpv5-d16 -mfloat-abi=hard -mthumb -Wl,--start-group -lc -lm -Wl,--end-group
Finished building target: Lab3.elf
 
arm-none-eabi-size  Lab3.elf 
arm-none-eabi-objdump -h -S Lab3.elf  > "Lab3.list"
   text	   data	    bss	    dec	    hex	filename
  15516	     92	   2036	  17644	   44ec	Lab3.elf
Finished building: default.size.stdout
 
Finished building: Lab3.list
 
16:36:39 **** Incremental Build of configuration Debug for project Lab3 ****
make -j16 all 
arm-none-eabi-gcc "../Core/Src/main.c" -mcpu=cortex-m7 -std=gnu11 -g3 -DDEBUG -DUSE_HAL_DRIVER -DSTM32F767xx -c -I../Core/Inc -I../Drivers/STM32F7xx_HAL_Driver/Inc -I../Drivers/STM32F7xx_HAL_Driver/Inc/Legacy -I../Drivers/CMSIS/Device/ST/STM32F7xx/Include -I../Drivers/CMSIS/Include -O0 -ffunction-sections -fdata-sections -Wall -fstack-usage -fcyclomatic-complexity -MMD -MP -MF"Core/Src/main.d" -MT"Core/Src/main.o" --specs=nano.specs -mfpu=fpv5-d16 -mfloat-abi=hard -mthumb -o "Core/Src/main.o"
../Core/Src/main.c: In function 'main':
../Core/Src/main.c:97:135: warning: unknown escape sequence: '\Q'
   97 |                 char initText[] = "Display Blinking LED PRESS (1,2)\r\nDisplay Group Members PRESS m\r\Quit PRESS q\r\n\tInput =>\r\n";
      |                                                                                                                                       ^
arm-none-eabi-gcc -o "Lab3.elf" @"objects.list"   -mcpu=cortex-m7 -T"E:\3rd_Year\MAD\Lab\Lab3\STM32F767ZITX_FLASH.ld" --specs=nosys.specs -Wl,-Map="Lab3.map" -Wl,--gc-sections -static --specs=nano.specs -mfpu=fpv5-d16 -mfloat-abi=hard -mthumb -Wl,--start-group -lc -lm -Wl,--end-group
Finished building target: Lab3.elf
 
arm-none-eabi-size  Lab3.elf 
arm-none-eabi-objdump -h -S Lab3.elf  > "Lab3.list"
   text	   data	    bss	    dec	    hex	filename
  15520	     92	   2036	  17648	   44f0	Lab3.elf
Finished building: default.size.stdout
 
Finished building: Lab3.list
 
16:47:03 **** Incremental Build of configuration Debug for project Lab3 ****
make -j16 all 
arm-none-eabi-size  Lab3.elf 
   text	   data	    bss	    dec	    hex	filename
  15520	     92	   2036	  17648	   44f0	Lab3.elf
Finished building: default.size.stdout
 
16:49:09 **** Incremental Build of configuration Debug for project Lab3 ****
make -j16 all 
arm-none-eabi-gcc "../Core/Src/main.c" -mcpu=cortex-m7 -std=gnu11 -g3 -DDEBUG -DUSE_HAL_DRIVER -DSTM32F767xx -c -I../Core/Inc -I../Drivers/STM32F7xx_HAL_Driver/Inc -I../Drivers/STM32F7xx_HAL_Driver/Inc/Legacy -I../Drivers/CMSIS/Device/ST/STM32F7xx/Include -I../Drivers/CMSIS/Include -O0 -ffunction-sections -fdata-sections -Wall -fstack-usage -fcyclomatic-complexity -MMD -MP -MF"Core/Src/main.d" -MT"Core/Src/main.o" --specs=nano.specs -mfpu=fpv5-d16 -mfloat-abi=hard -mthumb -o "Core/Src/main.o"
../Core/Src/main.c: In function 'main':
../Core/Src/main.c:97:131: warning: unknown escape sequence: '\Q'
   97 |                 char initText[] = "Display Blinking LED PRESS (1,2)\r\nDisplay Group Members PRESS m\r\Quit PRESS q\r\n\tInput =>";
      |                                                                                                                                   ^
arm-none-eabi-gcc -o "Lab3.elf" @"objects.list"   -mcpu=cortex-m7 -T"E:\3rd_Year\MAD\Lab\Lab3\STM32F767ZITX_FLASH.ld" --specs=nosys.specs -Wl,-Map="Lab3.map" -Wl,--gc-sections -static --specs=nano.specs -mfpu=fpv5-d16 -mfloat-abi=hard -mthumb -Wl,--start-group -lc -lm -Wl,--end-group
Finished building target: Lab3.elf
 
arm-none-eabi-size  Lab3.elf 
arm-none-eabi-objdump -h -S Lab3.elf  > "Lab3.list"
   text	   data	    bss	    dec	    hex	filename
  15516	     92	   2036	  17644	   44ec	Lab3.elf
Finished building: default.size.stdout
 
Finished building: Lab3.list
 
16:53:32 **** Incremental Build of configuration Debug for project Lab3 ****
make -j16 all 
arm-none-eabi-gcc "../Core/Src/main.c" -mcpu=cortex-m7 -std=gnu11 -g3 -DDEBUG -DUSE_HAL_DRIVER -DSTM32F767xx -c -I../Core/Inc -I../Drivers/STM32F7xx_HAL_Driver/Inc -I../Drivers/STM32F7xx_HAL_Driver/Inc/Legacy -I../Drivers/CMSIS/Device/ST/STM32F7xx/Include -I../Drivers/CMSIS/Include -O0 -ffunction-sections -fdata-sections -Wall -fstack-usage -fcyclomatic-complexity -MMD -MP -MF"Core/Src/main.d" -MT"Core/Src/main.o" --specs=nano.specs -mfpu=fpv5-d16 -mfloat-abi=hard -mthumb -o "Core/Src/main.o"
../Core/Src/main.c: In function 'main':
../Core/Src/main.c:97:131: warning: unknown escape sequence: '\Q'
   97 |                 char initText[] = "Display Blinking LED PRESS (1,2)\r\nDisplay Group Members PRESS m\r\Quit PRESS q\r\n\tInput =>";
      |                                                                                                                                   ^
arm-none-eabi-gcc -o "Lab3.elf" @"objects.list"   -mcpu=cortex-m7 -T"E:\3rd_Year\MAD\Lab\Lab3\STM32F767ZITX_FLASH.ld" --specs=nosys.specs -Wl,-Map="Lab3.map" -Wl,--gc-sections -static --specs=nano.specs -mfpu=fpv5-d16 -mfloat-abi=hard -mthumb -Wl,--start-group -lc -lm -Wl,--end-group
Finished building target: Lab3.elf
 
arm-none-eabi-size  Lab3.elf 
arm-none-eabi-objdump -h -S Lab3.elf  > "Lab3.list"
   text	   data	    bss	    dec	    hex	filename
  15628	     92	   2036	  17756	   455c	Lab3.elf
Finished building: default.size.stdout
 
Finished building: Lab3.list
 
17:02:46 **** Incremental Build of configuration Debug for project Lab3 ****
make -j16 all 
arm-none-eabi-gcc "../Core/Src/main.c" -mcpu=cortex-m7 -std=gnu11 -g3 -DDEBUG -DUSE_HAL_DRIVER -DSTM32F767xx -c -I../Core/Inc -I../Drivers/STM32F7xx_HAL_Driver/Inc -I../Drivers/STM32F7xx_HAL_Driver/Inc/Legacy -I../Drivers/CMSIS/Device/ST/STM32F7xx/Include -I../Drivers/CMSIS/Include -O0 -ffunction-sections -fdata-sections -Wall -fstack-usage -fcyclomatic-complexity -MMD -MP -MF"Core/Src/main.d" -MT"Core/Src/main.o" --specs=nano.specs -mfpu=fpv5-d16 -mfloat-abi=hard -mthumb -o "Core/Src/main.o"
../Core/Src/main.c: In function 'main':
../Core/Src/main.c:97:121: warning: unknown escape sequence: '\Q'
   97 |                 char initText[] = "Display Blinking LED PRESS (1,2)\r\nDisplay Group Members PRESS m\r\Quit PRESS q\r\n";
      |                                                                                                                         ^
../Core/Src/main.c:100:13: warning: unused variable 'initflag' [-Wunused-variable]
  100 |         int initflag = 1;
      |             ^~~~~~~~
arm-none-eabi-gcc -o "Lab3.elf" @"objects.list"   -mcpu=cortex-m7 -T"E:\3rd_Year\MAD\Lab\Lab3\STM32F767ZITX_FLASH.ld" --specs=nosys.specs -Wl,-Map="Lab3.map" -Wl,--gc-sections -static --specs=nano.specs -mfpu=fpv5-d16 -mfloat-abi=hard -mthumb -Wl,--start-group -lc -lm -Wl,--end-group
Finished building target: Lab3.elf
 
arm-none-eabi-size  Lab3.elf 
arm-none-eabi-objdump -h -S Lab3.elf  > "Lab3.list"
   text	   data	    bss	    dec	    hex	filename
  15616	     92	   2036	  17744	   4550	Lab3.elf
Finished building: default.size.stdout
 
Finished building: Lab3.list
 
14:17:07 **** Build of configuration Debug for project Lab4 ****
make -j16 all 
arm-none-eabi-gcc "../Drivers/STM32F7xx_HAL_Driver/Src/stm32f7xx_hal.c" -mcpu=cortex-m7 -std=gnu11 -g3 -DDEBUG -DUSE_HAL_DRIVER -DSTM32F767xx -c -I../Core/Inc -I../Drivers/STM32F7xx_HAL_Driver/Inc -I../Drivers/STM32F7xx_HAL_Driver/Inc/Legacy -I../Drivers/CMSIS/Device/ST/STM32F7xx/Include -I../Drivers/CMSIS/Include -O0 -ffunction-sections -fdata-sections -Wall -fstack-usage -fcyclomatic-complexity -MMD -MP -MF"Drivers/STM32F7xx_HAL_Driver/Src/stm32f7xx_hal.d" -MT"Drivers/STM32F7xx_HAL_Driver/Src/stm32f7xx_hal.o" --specs=nano.specs -mfpu=fpv5-d16 -mfloat-abi=hard -mthumb -o "Drivers/STM32F7xx_HAL_Driver/Src/stm32f7xx_hal.o"
arm-none-eabi-gcc "../Drivers/STM32F7xx_HAL_Driver/Src/stm32f7xx_hal_cortex.c" -mcpu=cortex-m7 -std=gnu11 -g3 -DDEBUG -DUSE_HAL_DRIVER -DSTM32F767xx -c -I../Core/Inc -I../Drivers/STM32F7xx_HAL_Driver/Inc -I../Drivers/STM32F7xx_HAL_Driver/Inc/Legacy -I../Drivers/CMSIS/Device/ST/STM32F7xx/Include -I../Drivers/CMSIS/Include -O0 -ffunction-sections -fdata-sections -Wall -fstack-usage -fcyclomatic-complexity -MMD -MP -MF"Drivers/STM32F7xx_HAL_Driver/Src/stm32f7xx_hal_cortex.d" -MT"Drivers/STM32F7xx_HAL_Driver/Src/stm32f7xx_hal_cortex.o" --specs=nano.specs -mfpu=fpv5-d16 -mfloat-abi=hard -mthumb -o "Drivers/STM32F7xx_HAL_Driver/Src/stm32f7xx_hal_cortex.o"
arm-none-eabi-gcc "../Drivers/STM32F7xx_HAL_Driver/Src/stm32f7xx_hal_dma.c" -mcpu=cortex-m7 -std=gnu11 -g3 -DDEBUG -DUSE_HAL_DRIVER -DSTM32F767xx -c -I../Core/Inc -I../Drivers/STM32F7xx_HAL_Driver/Inc -I../Drivers/STM32F7xx_HAL_Driver/Inc/Legacy -I../Drivers/CMSIS/Device/ST/STM32F7xx/Include -I../Drivers/CMSIS/Include -O0 -ffunction-sections -fdata-sections -Wall -fstack-usage -fcyclomatic-complexity -MMD -MP -MF"Drivers/STM32F7xx_HAL_Driver/Src/stm32f7xx_hal_dma.d" -MT"Drivers/STM32F7xx_HAL_Driver/Src/stm32f7xx_hal_dma.o" --specs=nano.specs -mfpu=fpv5-d16 -mfloat-abi=hard -mthumb -o "Drivers/STM32F7xx_HAL_Driver/Src/stm32f7xx_hal_dma.o"
arm-none-eabi-gcc "../Drivers/STM32F7xx_HAL_Driver/Src/stm32f7xx_hal_dma_ex.c" -mcpu=cortex-m7 -std=gnu11 -g3 -DDEBUG -DUSE_HAL_DRIVER -DSTM32F767xx -c -I../Core/Inc -I../Drivers/STM32F7xx_HAL_Driver/Inc -I../Drivers/STM32F7xx_HAL_Driver/Inc/Legacy -I../Drivers/CMSIS/Device/ST/STM32F7xx/Include -I../Drivers/CMSIS/Include -O0 -ffunction-sections -fdata-sections -Wall -fstack-usage -fcyclomatic-complexity -MMD -MP -MF"Drivers/STM32F7xx_HAL_Driver/Src/stm32f7xx_hal_dma_ex.d" -MT"Drivers/STM32F7xx_HAL_Driver/Src/stm32f7xx_hal_dma_ex.o" --specs=nano.specs -mfpu=fpv5-d16 -mfloat-abi=hard -mthumb -o "Drivers/STM32F7xx_HAL_Driver/Src/stm32f7xx_hal_dma_ex.o"
arm-none-eabi-gcc "../Drivers/STM32F7xx_HAL_Driver/Src/stm32f7xx_hal_exti.c" -mcpu=cortex-m7 -std=gnu11 -g3 -DDEBUG -DUSE_HAL_DRIVER -DSTM32F767xx -c -I../Core/Inc -I../Drivers/STM32F7xx_HAL_Driver/Inc -I../Drivers/STM32F7xx_HAL_Driver/Inc/Legacy -I../Drivers/CMSIS/Device/ST/STM32F7xx/Include -I../Drivers/CMSIS/Include -O0 -ffunction-sections -fdata-sections -Wall -fstack-usage -fcyclomatic-complexity -MMD -MP -MF"Drivers/STM32F7xx_HAL_Driver/Src/stm32f7xx_hal_exti.d" -MT"Drivers/STM32F7xx_HAL_Driver/Src/stm32f7xx_hal_exti.o" --specs=nano.specs -mfpu=fpv5-d16 -mfloat-abi=hard -mthumb -o "Drivers/STM32F7xx_HAL_Driver/Src/stm32f7xx_hal_exti.o"
arm-none-eabi-gcc "../Drivers/STM32F7xx_HAL_Driver/Src/stm32f7xx_hal_flash.c" -mcpu=cortex-m7 -std=gnu11 -g3 -DDEBUG -DUSE_HAL_DRIVER -DSTM32F767xx -c -I../Core/Inc -I../Drivers/STM32F7xx_HAL_Driver/Inc -I../Drivers/STM32F7xx_HAL_Driver/Inc/Legacy -I../Drivers/CMSIS/Device/ST/STM32F7xx/Include -I../Drivers/CMSIS/Include -O0 -ffunction-sections -fdata-sections -Wall -fstack-usage -fcyclomatic-complexity -MMD -MP -MF"Drivers/STM32F7xx_HAL_Driver/Src/stm32f7xx_hal_flash.d" -MT"Drivers/STM32F7xx_HAL_Driver/Src/stm32f7xx_hal_flash.o" --specs=nano.specs -mfpu=fpv5-d16 -mfloat-abi=hard -mthumb -o "Drivers/STM32F7xx_HAL_Driver/Src/stm32f7xx_hal_flash.o"
arm-none-eabi-gcc "../Drivers/STM32F7xx_HAL_Driver/Src/stm32f7xx_hal_flash_ex.c" -mcpu=cortex-m7 -std=gnu11 -g3 -DDEBUG -DUSE_HAL_DRIVER -DSTM32F767xx -c -I../Core/Inc -I../Drivers/STM32F7xx_HAL_Driver/Inc -I../Drivers/STM32F7xx_HAL_Driver/Inc/Legacy -I../Drivers/CMSIS/Device/ST/STM32F7xx/Include -I../Drivers/CMSIS/Include -O0 -ffunction-sections -fdata-sections -Wall -fstack-usage -fcyclomatic-complexity -MMD -MP -MF"Drivers/STM32F7xx_HAL_Driver/Src/stm32f7xx_hal_flash_ex.d" -MT"Drivers/STM32F7xx_HAL_Driver/Src/stm32f7xx_hal_flash_ex.o" --specs=nano.specs -mfpu=fpv5-d16 -mfloat-abi=hard -mthumb -o "Drivers/STM32F7xx_HAL_Driver/Src/stm32f7xx_hal_flash_ex.o"
arm-none-eabi-gcc "../Drivers/STM32F7xx_HAL_Driver/Src/stm32f7xx_hal_gpio.c" -mcpu=cortex-m7 -std=gnu11 -g3 -DDEBUG -DUSE_HAL_DRIVER -DSTM32F767xx -c -I../Core/Inc -I../Drivers/STM32F7xx_HAL_Driver/Inc -I../Drivers/STM32F7xx_HAL_Driver/Inc/Legacy -I../Drivers/CMSIS/Device/ST/STM32F7xx/Include -I../Drivers/CMSIS/Include -O0 -ffunction-sections -fdata-sections -Wall -fstack-usage -fcyclomatic-complexity -MMD -MP -MF"Drivers/STM32F7xx_HAL_Driver/Src/stm32f7xx_hal_gpio.d" -MT"Drivers/STM32F7xx_HAL_Driver/Src/stm32f7xx_hal_gpio.o" --specs=nano.specs -mfpu=fpv5-d16 -mfloat-abi=hard -mthumb -o "Drivers/STM32F7xx_HAL_Driver/Src/stm32f7xx_hal_gpio.o"
arm-none-eabi-gcc "../Drivers/STM32F7xx_HAL_Driver/Src/stm32f7xx_hal_i2c.c" -mcpu=cortex-m7 -std=gnu11 -g3 -DDEBUG -DUSE_HAL_DRIVER -DSTM32F767xx -c -I../Core/Inc -I../Drivers/STM32F7xx_HAL_Driver/Inc -I../Drivers/STM32F7xx_HAL_Driver/Inc/Legacy -I../Drivers/CMSIS/Device/ST/STM32F7xx/Include -I../Drivers/CMSIS/Include -O0 -ffunction-sections -fdata-sections -Wall -fstack-usage -fcyclomatic-complexity -MMD -MP -MF"Drivers/STM32F7xx_HAL_Driver/Src/stm32f7xx_hal_i2c.d" -MT"Drivers/STM32F7xx_HAL_Driver/Src/stm32f7xx_hal_i2c.o" --specs=nano.specs -mfpu=fpv5-d16 -mfloat-abi=hard -mthumb -o "Drivers/STM32F7xx_HAL_Driver/Src/stm32f7xx_hal_i2c.o"
arm-none-eabi-gcc "../Drivers/STM32F7xx_HAL_Driver/Src/stm32f7xx_hal_i2c_ex.c" -mcpu=cortex-m7 -std=gnu11 -g3 -DDEBUG -DUSE_HAL_DRIVER -DSTM32F767xx -c -I../Core/Inc -I../Drivers/STM32F7xx_HAL_Driver/Inc -I../Drivers/STM32F7xx_HAL_Driver/Inc/Legacy -I../Drivers/CMSIS/Device/ST/STM32F7xx/Include -I../Drivers/CMSIS/Include -O0 -ffunction-sections -fdata-sections -Wall -fstack-usage -fcyclomatic-complexity -MMD -MP -MF"Drivers/STM32F7xx_HAL_Driver/Src/stm32f7xx_hal_i2c_ex.d" -MT"Drivers/STM32F7xx_HAL_Driver/Src/stm32f7xx_hal_i2c_ex.o" --specs=nano.specs -mfpu=fpv5-d16 -mfloat-abi=hard -mthumb -o "Drivers/STM32F7xx_HAL_Driver/Src/stm32f7xx_hal_i2c_ex.o"
arm-none-eabi-gcc "../Drivers/STM32F7xx_HAL_Driver/Src/stm32f7xx_hal_pwr.c" -mcpu=cortex-m7 -std=gnu11 -g3 -DDEBUG -DUSE_HAL_DRIVER -DSTM32F767xx -c -I../Core/Inc -I../Drivers/STM32F7xx_HAL_Driver/Inc -I../Drivers/STM32F7xx_HAL_Driver/Inc/Legacy -I../Drivers/CMSIS/Device/ST/STM32F7xx/Include -I../Drivers/CMSIS/Include -O0 -ffunction-sections -fdata-sections -Wall -fstack-usage -fcyclomatic-complexity -MMD -MP -MF"Drivers/STM32F7xx_HAL_Driver/Src/stm32f7xx_hal_pwr.d" -MT"Drivers/STM32F7xx_HAL_Driver/Src/stm32f7xx_hal_pwr.o" --specs=nano.specs -mfpu=fpv5-d16 -mfloat-abi=hard -mthumb -o "Drivers/STM32F7xx_HAL_Driver/Src/stm32f7xx_hal_pwr.o"
arm-none-eabi-gcc "../Drivers/STM32F7xx_HAL_Driver/Src/stm32f7xx_hal_pwr_ex.c" -mcpu=cortex-m7 -std=gnu11 -g3 -DDEBUG -DUSE_HAL_DRIVER -DSTM32F767xx -c -I../Core/Inc -I../Drivers/STM32F7xx_HAL_Driver/Inc -I../Drivers/STM32F7xx_HAL_Driver/Inc/Legacy -I../Drivers/CMSIS/Device/ST/STM32F7xx/Include -I../Drivers/CMSIS/Include -O0 -ffunction-sections -fdata-sections -Wall -fstack-usage -fcyclomatic-complexity -MMD -MP -MF"Drivers/STM32F7xx_HAL_Driver/Src/stm32f7xx_hal_pwr_ex.d" -MT"Drivers/STM32F7xx_HAL_Driver/Src/stm32f7xx_hal_pwr_ex.o" --specs=nano.specs -mfpu=fpv5-d16 -mfloat-abi=hard -mthumb -o "Drivers/STM32F7xx_HAL_Driver/Src/stm32f7xx_hal_pwr_ex.o"
arm-none-eabi-gcc "../Drivers/STM32F7xx_HAL_Driver/Src/stm32f7xx_hal_rcc.c" -mcpu=cortex-m7 -std=gnu11 -g3 -DDEBUG -DUSE_HAL_DRIVER -DSTM32F767xx -c -I../Core/Inc -I../Drivers/STM32F7xx_HAL_Driver/Inc -I../Drivers/STM32F7xx_HAL_Driver/Inc/Legacy -I../Drivers/CMSIS/Device/ST/STM32F7xx/Include -I../Drivers/CMSIS/Include -O0 -ffunction-sections -fdata-sections -Wall -fstack-usage -fcyclomatic-complexity -MMD -MP -MF"Drivers/STM32F7xx_HAL_Driver/Src/stm32f7xx_hal_rcc.d" -MT"Drivers/STM32F7xx_HAL_Driver/Src/stm32f7xx_hal_rcc.o" --specs=nano.specs -mfpu=fpv5-d16 -mfloat-abi=hard -mthumb -o "Drivers/STM32F7xx_HAL_Driver/Src/stm32f7xx_hal_rcc.o"
arm-none-eabi-gcc "../Drivers/STM32F7xx_HAL_Driver/Src/stm32f7xx_hal_rcc_ex.c" -mcpu=cortex-m7 -std=gnu11 -g3 -DDEBUG -DUSE_HAL_DRIVER -DSTM32F767xx -c -I../Core/Inc -I../Drivers/STM32F7xx_HAL_Driver/Inc -I../Drivers/STM32F7xx_HAL_Driver/Inc/Legacy -I../Drivers/CMSIS/Device/ST/STM32F7xx/Include -I../Drivers/CMSIS/Include -O0 -ffunction-sections -fdata-sections -Wall -fstack-usage -fcyclomatic-complexity -MMD -MP -MF"Drivers/STM32F7xx_HAL_Driver/Src/stm32f7xx_hal_rcc_ex.d" -MT"Drivers/STM32F7xx_HAL_Driver/Src/stm32f7xx_hal_rcc_ex.o" --specs=nano.specs -mfpu=fpv5-d16 -mfloat-abi=hard -mthumb -o "Drivers/STM32F7xx_HAL_Driver/Src/stm32f7xx_hal_rcc_ex.o"
arm-none-eabi-gcc -mcpu=cortex-m7 -g3 -DDEBUG -c -x assembler-with-cpp -MMD -MP -MF"Core/Startup/startup_stm32f767zitx.d" -MT"Core/Startup/startup_stm32f767zitx.o" --specs=nano.specs -mfpu=fpv5-d16 -mfloat-abi=hard -mthumb -o "Core/Startup/startup_stm32f767zitx.o" "../Core/Startup/startup_stm32f767zitx.s"
arm-none-eabi-gcc "../Core/Src/gpio.c" -mcpu=cortex-m7 -std=gnu11 -g3 -DDEBUG -DUSE_HAL_DRIVER -DSTM32F767xx -c -I../Core/Inc -I../Drivers/STM32F7xx_HAL_Driver/Inc -I../Drivers/STM32F7xx_HAL_Driver/Inc/Legacy -I../Drivers/CMSIS/Device/ST/STM32F7xx/Include -I../Drivers/CMSIS/Include -O0 -ffunction-sections -fdata-sections -Wall -fstack-usage -fcyclomatic-complexity -MMD -MP -MF"Core/Src/gpio.d" -MT"Core/Src/gpio.o" --specs=nano.specs -mfpu=fpv5-d16 -mfloat-abi=hard -mthumb -o "Core/Src/gpio.o"
arm-none-eabi-gcc "../Core/Src/main.c" -mcpu=cortex-m7 -std=gnu11 -g3 -DDEBUG -DUSE_HAL_DRIVER -DSTM32F767xx -c -I../Core/Inc -I../Drivers/STM32F7xx_HAL_Driver/Inc -I../Drivers/STM32F7xx_HAL_Driver/Inc/Legacy -I../Drivers/CMSIS/Device/ST/STM32F7xx/Include -I../Drivers/CMSIS/Include -O0 -ffunction-sections -fdata-sections -Wall -fstack-usage -fcyclomatic-complexity -MMD -MP -MF"Core/Src/main.d" -MT"Core/Src/main.o" --specs=nano.specs -mfpu=fpv5-d16 -mfloat-abi=hard -mthumb -o "Core/Src/main.o"
arm-none-eabi-gcc "../Core/Src/stm32f7xx_hal_msp.c" -mcpu=cortex-m7 -std=gnu11 -g3 -DDEBUG -DUSE_HAL_DRIVER -DSTM32F767xx -c -I../Core/Inc -I../Drivers/STM32F7xx_HAL_Driver/Inc -I../Drivers/STM32F7xx_HAL_Driver/Inc/Legacy -I../Drivers/CMSIS/Device/ST/STM32F7xx/Include -I../Drivers/CMSIS/Include -O0 -ffunction-sections -fdata-sections -Wall -fstack-usage -fcyclomatic-complexity -MMD -MP -MF"Core/Src/stm32f7xx_hal_msp.d" -MT"Core/Src/stm32f7xx_hal_msp.o" --specs=nano.specs -mfpu=fpv5-d16 -mfloat-abi=hard -mthumb -o "Core/Src/stm32f7xx_hal_msp.o"
arm-none-eabi-gcc "../Core/Src/stm32f7xx_it.c" -mcpu=cortex-m7 -std=gnu11 -g3 -DDEBUG -DUSE_HAL_DRIVER -DSTM32F767xx -c -I../Core/Inc -I../Drivers/STM32F7xx_HAL_Driver/Inc -I../Drivers/STM32F7xx_HAL_Driver/Inc/Legacy -I../Drivers/CMSIS/Device/ST/STM32F7xx/Include -I../Drivers/CMSIS/Include -O0 -ffunction-sections -fdata-sections -Wall -fstack-usage -fcyclomatic-complexity -MMD -MP -MF"Core/Src/stm32f7xx_it.d" -MT"Core/Src/stm32f7xx_it.o" --specs=nano.specs -mfpu=fpv5-d16 -mfloat-abi=hard -mthumb -o "Core/Src/stm32f7xx_it.o"
arm-none-eabi-gcc "../Core/Src/syscalls.c" -mcpu=cortex-m7 -std=gnu11 -g3 -DDEBUG -DUSE_HAL_DRIVER -DSTM32F767xx -c -I../Core/Inc -I../Drivers/STM32F7xx_HAL_Driver/Inc -I../Drivers/STM32F7xx_HAL_Driver/Inc/Legacy -I../Drivers/CMSIS/Device/ST/STM32F7xx/Include -I../Drivers/CMSIS/Include -O0 -ffunction-sections -fdata-sections -Wall -fstack-usage -fcyclomatic-complexity -MMD -MP -MF"Core/Src/syscalls.d" -MT"Core/Src/syscalls.o" --specs=nano.specs -mfpu=fpv5-d16 -mfloat-abi=hard -mthumb -o "Core/Src/syscalls.o"
arm-none-eabi-gcc "../Core/Src/sysmem.c" -mcpu=cortex-m7 -std=gnu11 -g3 -DDEBUG -DUSE_HAL_DRIVER -DSTM32F767xx -c -I../Core/Inc -I../Drivers/STM32F7xx_HAL_Driver/Inc -I../Drivers/STM32F7xx_HAL_Driver/Inc/Legacy -I../Drivers/CMSIS/Device/ST/STM32F7xx/Include -I../Drivers/CMSIS/Include -O0 -ffunction-sections -fdata-sections -Wall -fstack-usage -fcyclomatic-complexity -MMD -MP -MF"Core/Src/sysmem.d" -MT"Core/Src/sysmem.o" --specs=nano.specs -mfpu=fpv5-d16 -mfloat-abi=hard -mthumb -o "Core/Src/sysmem.o"
arm-none-eabi-gcc "../Core/Src/system_stm32f7xx.c" -mcpu=cortex-m7 -std=gnu11 -g3 -DDEBUG -DUSE_HAL_DRIVER -DSTM32F767xx -c -I../Core/Inc -I../Drivers/STM32F7xx_HAL_Driver/Inc -I../Drivers/STM32F7xx_HAL_Driver/Inc/Legacy -I../Drivers/CMSIS/Device/ST/STM32F7xx/Include -I../Drivers/CMSIS/Include -O0 -ffunction-sections -fdata-sections -Wall -fstack-usage -fcyclomatic-complexity -MMD -MP -MF"Core/Src/system_stm32f7xx.d" -MT"Core/Src/system_stm32f7xx.o" --specs=nano.specs -mfpu=fpv5-d16 -mfloat-abi=hard -mthumb -o "Core/Src/system_stm32f7xx.o"
../Core/Src/main.c: In function 'main':
../Core/Src/main.c:102:11: error: implicit declaration of function 'HAL_UART_Transmit' [-Wimplicit-function-declaration]
  102 |           HAL_UART_Transmit(&huart3, (uint8_t *)".", 1, 100);
      |           ^~~~~~~~~~~~~~~~~
../Core/Src/main.c:102:30: error: 'huart3' undeclared (first use in this function)
  102 |           HAL_UART_Transmit(&huart3, (uint8_t *)".", 1, 100);
      |                              ^~~~~~
../Core/Src/main.c:102:30: note: each undeclared identifier is reported only once for each function it appears in
../Core/Src/main.c: In function 'HAL_GPIO_EXTI_Callback':
../Core/Src/main.c:155:24: error: 'huart3' undeclared (first use in this function)
  155 |     HAL_UART_Transmit(&huart3, (uint8_t *)"---", 3, 100);
      |                        ^~~~~~
make: *** [Core/Src/subdir.mk:37: Core/Src/main.o] Error 1
make: *** Waiting for unfinished jobs....
"make -j16 all" terminated with exit code 2. Build might be incomplete.
14:20:23 **** Incremental Build of configuration Debug for project Lab3 ****
make -j16 all 
arm-none-eabi-gcc "../Core/Src/gpio.c" -mcpu=cortex-m7 -std=gnu11 -g3 -DDEBUG -DUSE_HAL_DRIVER -DSTM32F767xx -c -I../Core/Inc -I../Drivers/STM32F7xx_HAL_Driver/Inc -I../Drivers/STM32F7xx_HAL_Driver/Inc/Legacy -I../Drivers/CMSIS/Device/ST/STM32F7xx/Include -I../Drivers/CMSIS/Include -O0 -ffunction-sections -fdata-sections -Wall -fstack-usage -fcyclomatic-complexity -MMD -MP -MF"Core/Src/gpio.d" -MT"Core/Src/gpio.o" --specs=nano.specs -mfpu=fpv5-d16 -mfloat-abi=hard -mthumb -o "Core/Src/gpio.o"
arm-none-eabi-gcc "../Core/Src/main.c" -mcpu=cortex-m7 -std=gnu11 -g3 -DDEBUG -DUSE_HAL_DRIVER -DSTM32F767xx -c -I../Core/Inc -I../Drivers/STM32F7xx_HAL_Driver/Inc -I../Drivers/STM32F7xx_HAL_Driver/Inc/Legacy -I../Drivers/CMSIS/Device/ST/STM32F7xx/Include -I../Drivers/CMSIS/Include -O0 -ffunction-sections -fdata-sections -Wall -fstack-usage -fcyclomatic-complexity -MMD -MP -MF"Core/Src/main.d" -MT"Core/Src/main.o" --specs=nano.specs -mfpu=fpv5-d16 -mfloat-abi=hard -mthumb -o "Core/Src/main.o"
../Core/Src/main.c: In function 'main':
../Core/Src/main.c:97:121: warning: unknown escape sequence: '\Q'
   97 |                 char initText[] = "Display Blinking LED PRESS (1,2)\r\nDisplay Group Members PRESS m\r\Quit PRESS q\r\n";
      |                                                                                                                         ^
../Core/Src/main.c:100:13: warning: unused variable 'initflag' [-Wunused-variable]
  100 |         int initflag = 1;
      |             ^~~~~~~~
arm-none-eabi-gcc -o "Lab3.elf" @"objects.list"   -mcpu=cortex-m7 -T"E:\3rd_Year\MAD\Lab\Lab3\STM32F767ZITX_FLASH.ld" --specs=nosys.specs -Wl,-Map="Lab3.map" -Wl,--gc-sections -static --specs=nano.specs -mfpu=fpv5-d16 -mfloat-abi=hard -mthumb -Wl,--start-group -lc -lm -Wl,--end-group
Finished building target: Lab3.elf
 
arm-none-eabi-size  Lab3.elf 
arm-none-eabi-objdump -h -S Lab3.elf  > "Lab3.list"
   text	   data	    bss	    dec	    hex	filename
  15616	     92	   2036	  17744	   4550	Lab3.elf
Finished building: default.size.stdout
 
Finished building: Lab3.list
 
14:22:36 **** Incremental Build of configuration Debug for project Lab4 ****
make -j16 all 
arm-none-eabi-gcc "../Drivers/STM32F7xx_HAL_Driver/Src/stm32f7xx_hal.c" -mcpu=cortex-m7 -std=gnu11 -g3 -DDEBUG -DUSE_HAL_DRIVER -DSTM32F767xx -c -I../Core/Inc -I../Drivers/STM32F7xx_HAL_Driver/Inc -I../Drivers/STM32F7xx_HAL_Driver/Inc/Legacy -I../Drivers/CMSIS/Device/ST/STM32F7xx/Include -I../Drivers/CMSIS/Include -O0 -ffunction-sections -fdata-sections -Wall -fstack-usage -fcyclomatic-complexity -MMD -MP -MF"Drivers/STM32F7xx_HAL_Driver/Src/stm32f7xx_hal.d" -MT"Drivers/STM32F7xx_HAL_Driver/Src/stm32f7xx_hal.o" --specs=nano.specs -mfpu=fpv5-d16 -mfloat-abi=hard -mthumb -o "Drivers/STM32F7xx_HAL_Driver/Src/stm32f7xx_hal.o"
arm-none-eabi-gcc "../Drivers/STM32F7xx_HAL_Driver/Src/stm32f7xx_hal_cortex.c" -mcpu=cortex-m7 -std=gnu11 -g3 -DDEBUG -DUSE_HAL_DRIVER -DSTM32F767xx -c -I../Core/Inc -I../Drivers/STM32F7xx_HAL_Driver/Inc -I../Drivers/STM32F7xx_HAL_Driver/Inc/Legacy -I../Drivers/CMSIS/Device/ST/STM32F7xx/Include -I../Drivers/CMSIS/Include -O0 -ffunction-sections -fdata-sections -Wall -fstack-usage -fcyclomatic-complexity -MMD -MP -MF"Drivers/STM32F7xx_HAL_Driver/Src/stm32f7xx_hal_cortex.d" -MT"Drivers/STM32F7xx_HAL_Driver/Src/stm32f7xx_hal_cortex.o" --specs=nano.specs -mfpu=fpv5-d16 -mfloat-abi=hard -mthumb -o "Drivers/STM32F7xx_HAL_Driver/Src/stm32f7xx_hal_cortex.o"
arm-none-eabi-gcc "../Drivers/STM32F7xx_HAL_Driver/Src/stm32f7xx_hal_dma.c" -mcpu=cortex-m7 -std=gnu11 -g3 -DDEBUG -DUSE_HAL_DRIVER -DSTM32F767xx -c -I../Core/Inc -I../Drivers/STM32F7xx_HAL_Driver/Inc -I../Drivers/STM32F7xx_HAL_Driver/Inc/Legacy -I../Drivers/CMSIS/Device/ST/STM32F7xx/Include -I../Drivers/CMSIS/Include -O0 -ffunction-sections -fdata-sections -Wall -fstack-usage -fcyclomatic-complexity -MMD -MP -MF"Drivers/STM32F7xx_HAL_Driver/Src/stm32f7xx_hal_dma.d" -MT"Drivers/STM32F7xx_HAL_Driver/Src/stm32f7xx_hal_dma.o" --specs=nano.specs -mfpu=fpv5-d16 -mfloat-abi=hard -mthumb -o "Drivers/STM32F7xx_HAL_Driver/Src/stm32f7xx_hal_dma.o"
arm-none-eabi-gcc "../Drivers/STM32F7xx_HAL_Driver/Src/stm32f7xx_hal_dma_ex.c" -mcpu=cortex-m7 -std=gnu11 -g3 -DDEBUG -DUSE_HAL_DRIVER -DSTM32F767xx -c -I../Core/Inc -I../Drivers/STM32F7xx_HAL_Driver/Inc -I../Drivers/STM32F7xx_HAL_Driver/Inc/Legacy -I../Drivers/CMSIS/Device/ST/STM32F7xx/Include -I../Drivers/CMSIS/Include -O0 -ffunction-sections -fdata-sections -Wall -fstack-usage -fcyclomatic-complexity -MMD -MP -MF"Drivers/STM32F7xx_HAL_Driver/Src/stm32f7xx_hal_dma_ex.d" -MT"Drivers/STM32F7xx_HAL_Driver/Src/stm32f7xx_hal_dma_ex.o" --specs=nano.specs -mfpu=fpv5-d16 -mfloat-abi=hard -mthumb -o "Drivers/STM32F7xx_HAL_Driver/Src/stm32f7xx_hal_dma_ex.o"
arm-none-eabi-gcc "../Drivers/STM32F7xx_HAL_Driver/Src/stm32f7xx_hal_exti.c" -mcpu=cortex-m7 -std=gnu11 -g3 -DDEBUG -DUSE_HAL_DRIVER -DSTM32F767xx -c -I../Core/Inc -I../Drivers/STM32F7xx_HAL_Driver/Inc -I../Drivers/STM32F7xx_HAL_Driver/Inc/Legacy -I../Drivers/CMSIS/Device/ST/STM32F7xx/Include -I../Drivers/CMSIS/Include -O0 -ffunction-sections -fdata-sections -Wall -fstack-usage -fcyclomatic-complexity -MMD -MP -MF"Drivers/STM32F7xx_HAL_Driver/Src/stm32f7xx_hal_exti.d" -MT"Drivers/STM32F7xx_HAL_Driver/Src/stm32f7xx_hal_exti.o" --specs=nano.specs -mfpu=fpv5-d16 -mfloat-abi=hard -mthumb -o "Drivers/STM32F7xx_HAL_Driver/Src/stm32f7xx_hal_exti.o"
arm-none-eabi-gcc "../Drivers/STM32F7xx_HAL_Driver/Src/stm32f7xx_hal_flash.c" -mcpu=cortex-m7 -std=gnu11 -g3 -DDEBUG -DUSE_HAL_DRIVER -DSTM32F767xx -c -I../Core/Inc -I../Drivers/STM32F7xx_HAL_Driver/Inc -I../Drivers/STM32F7xx_HAL_Driver/Inc/Legacy -I../Drivers/CMSIS/Device/ST/STM32F7xx/Include -I../Drivers/CMSIS/Include -O0 -ffunction-sections -fdata-sections -Wall -fstack-usage -fcyclomatic-complexity -MMD -MP -MF"Drivers/STM32F7xx_HAL_Driver/Src/stm32f7xx_hal_flash.d" -MT"Drivers/STM32F7xx_HAL_Driver/Src/stm32f7xx_hal_flash.o" --specs=nano.specs -mfpu=fpv5-d16 -mfloat-abi=hard -mthumb -o "Drivers/STM32F7xx_HAL_Driver/Src/stm32f7xx_hal_flash.o"
arm-none-eabi-gcc "../Drivers/STM32F7xx_HAL_Driver/Src/stm32f7xx_hal_flash_ex.c" -mcpu=cortex-m7 -std=gnu11 -g3 -DDEBUG -DUSE_HAL_DRIVER -DSTM32F767xx -c -I../Core/Inc -I../Drivers/STM32F7xx_HAL_Driver/Inc -I../Drivers/STM32F7xx_HAL_Driver/Inc/Legacy -I../Drivers/CMSIS/Device/ST/STM32F7xx/Include -I../Drivers/CMSIS/Include -O0 -ffunction-sections -fdata-sections -Wall -fstack-usage -fcyclomatic-complexity -MMD -MP -MF"Drivers/STM32F7xx_HAL_Driver/Src/stm32f7xx_hal_flash_ex.d" -MT"Drivers/STM32F7xx_HAL_Driver/Src/stm32f7xx_hal_flash_ex.o" --specs=nano.specs -mfpu=fpv5-d16 -mfloat-abi=hard -mthumb -o "Drivers/STM32F7xx_HAL_Driver/Src/stm32f7xx_hal_flash_ex.o"
arm-none-eabi-gcc "../Drivers/STM32F7xx_HAL_Driver/Src/stm32f7xx_hal_gpio.c" -mcpu=cortex-m7 -std=gnu11 -g3 -DDEBUG -DUSE_HAL_DRIVER -DSTM32F767xx -c -I../Core/Inc -I../Drivers/STM32F7xx_HAL_Driver/Inc -I../Drivers/STM32F7xx_HAL_Driver/Inc/Legacy -I../Drivers/CMSIS/Device/ST/STM32F7xx/Include -I../Drivers/CMSIS/Include -O0 -ffunction-sections -fdata-sections -Wall -fstack-usage -fcyclomatic-complexity -MMD -MP -MF"Drivers/STM32F7xx_HAL_Driver/Src/stm32f7xx_hal_gpio.d" -MT"Drivers/STM32F7xx_HAL_Driver/Src/stm32f7xx_hal_gpio.o" --specs=nano.specs -mfpu=fpv5-d16 -mfloat-abi=hard -mthumb -o "Drivers/STM32F7xx_HAL_Driver/Src/stm32f7xx_hal_gpio.o"
arm-none-eabi-gcc "../Drivers/STM32F7xx_HAL_Driver/Src/stm32f7xx_hal_i2c.c" -mcpu=cortex-m7 -std=gnu11 -g3 -DDEBUG -DUSE_HAL_DRIVER -DSTM32F767xx -c -I../Core/Inc -I../Drivers/STM32F7xx_HAL_Driver/Inc -I../Drivers/STM32F7xx_HAL_Driver/Inc/Legacy -I../Drivers/CMSIS/Device/ST/STM32F7xx/Include -I../Drivers/CMSIS/Include -O0 -ffunction-sections -fdata-sections -Wall -fstack-usage -fcyclomatic-complexity -MMD -MP -MF"Drivers/STM32F7xx_HAL_Driver/Src/stm32f7xx_hal_i2c.d" -MT"Drivers/STM32F7xx_HAL_Driver/Src/stm32f7xx_hal_i2c.o" --specs=nano.specs -mfpu=fpv5-d16 -mfloat-abi=hard -mthumb -o "Drivers/STM32F7xx_HAL_Driver/Src/stm32f7xx_hal_i2c.o"
arm-none-eabi-gcc "../Drivers/STM32F7xx_HAL_Driver/Src/stm32f7xx_hal_i2c_ex.c" -mcpu=cortex-m7 -std=gnu11 -g3 -DDEBUG -DUSE_HAL_DRIVER -DSTM32F767xx -c -I../Core/Inc -I../Drivers/STM32F7xx_HAL_Driver/Inc -I../Drivers/STM32F7xx_HAL_Driver/Inc/Legacy -I../Drivers/CMSIS/Device/ST/STM32F7xx/Include -I../Drivers/CMSIS/Include -O0 -ffunction-sections -fdata-sections -Wall -fstack-usage -fcyclomatic-complexity -MMD -MP -MF"Drivers/STM32F7xx_HAL_Driver/Src/stm32f7xx_hal_i2c_ex.d" -MT"Drivers/STM32F7xx_HAL_Driver/Src/stm32f7xx_hal_i2c_ex.o" --specs=nano.specs -mfpu=fpv5-d16 -mfloat-abi=hard -mthumb -o "Drivers/STM32F7xx_HAL_Driver/Src/stm32f7xx_hal_i2c_ex.o"
arm-none-eabi-gcc "../Drivers/STM32F7xx_HAL_Driver/Src/stm32f7xx_hal_pwr.c" -mcpu=cortex-m7 -std=gnu11 -g3 -DDEBUG -DUSE_HAL_DRIVER -DSTM32F767xx -c -I../Core/Inc -I../Drivers/STM32F7xx_HAL_Driver/Inc -I../Drivers/STM32F7xx_HAL_Driver/Inc/Legacy -I../Drivers/CMSIS/Device/ST/STM32F7xx/Include -I../Drivers/CMSIS/Include -O0 -ffunction-sections -fdata-sections -Wall -fstack-usage -fcyclomatic-complexity -MMD -MP -MF"Drivers/STM32F7xx_HAL_Driver/Src/stm32f7xx_hal_pwr.d" -MT"Drivers/STM32F7xx_HAL_Driver/Src/stm32f7xx_hal_pwr.o" --specs=nano.specs -mfpu=fpv5-d16 -mfloat-abi=hard -mthumb -o "Drivers/STM32F7xx_HAL_Driver/Src/stm32f7xx_hal_pwr.o"
arm-none-eabi-gcc "../Drivers/STM32F7xx_HAL_Driver/Src/stm32f7xx_hal_pwr_ex.c" -mcpu=cortex-m7 -std=gnu11 -g3 -DDEBUG -DUSE_HAL_DRIVER -DSTM32F767xx -c -I../Core/Inc -I../Drivers/STM32F7xx_HAL_Driver/Inc -I../Drivers/STM32F7xx_HAL_Driver/Inc/Legacy -I../Drivers/CMSIS/Device/ST/STM32F7xx/Include -I../Drivers/CMSIS/Include -O0 -ffunction-sections -fdata-sections -Wall -fstack-usage -fcyclomatic-complexity -MMD -MP -MF"Drivers/STM32F7xx_HAL_Driver/Src/stm32f7xx_hal_pwr_ex.d" -MT"Drivers/STM32F7xx_HAL_Driver/Src/stm32f7xx_hal_pwr_ex.o" --specs=nano.specs -mfpu=fpv5-d16 -mfloat-abi=hard -mthumb -o "Drivers/STM32F7xx_HAL_Driver/Src/stm32f7xx_hal_pwr_ex.o"
arm-none-eabi-gcc "../Drivers/STM32F7xx_HAL_Driver/Src/stm32f7xx_hal_rcc.c" -mcpu=cortex-m7 -std=gnu11 -g3 -DDEBUG -DUSE_HAL_DRIVER -DSTM32F767xx -c -I../Core/Inc -I../Drivers/STM32F7xx_HAL_Driver/Inc -I../Drivers/STM32F7xx_HAL_Driver/Inc/Legacy -I../Drivers/CMSIS/Device/ST/STM32F7xx/Include -I../Drivers/CMSIS/Include -O0 -ffunction-sections -fdata-sections -Wall -fstack-usage -fcyclomatic-complexity -MMD -MP -MF"Drivers/STM32F7xx_HAL_Driver/Src/stm32f7xx_hal_rcc.d" -MT"Drivers/STM32F7xx_HAL_Driver/Src/stm32f7xx_hal_rcc.o" --specs=nano.specs -mfpu=fpv5-d16 -mfloat-abi=hard -mthumb -o "Drivers/STM32F7xx_HAL_Driver/Src/stm32f7xx_hal_rcc.o"
arm-none-eabi-gcc "../Drivers/STM32F7xx_HAL_Driver/Src/stm32f7xx_hal_rcc_ex.c" -mcpu=cortex-m7 -std=gnu11 -g3 -DDEBUG -DUSE_HAL_DRIVER -DSTM32F767xx -c -I../Core/Inc -I../Drivers/STM32F7xx_HAL_Driver/Inc -I../Drivers/STM32F7xx_HAL_Driver/Inc/Legacy -I../Drivers/CMSIS/Device/ST/STM32F7xx/Include -I../Drivers/CMSIS/Include -O0 -ffunction-sections -fdata-sections -Wall -fstack-usage -fcyclomatic-complexity -MMD -MP -MF"Drivers/STM32F7xx_HAL_Driver/Src/stm32f7xx_hal_rcc_ex.d" -MT"Drivers/STM32F7xx_HAL_Driver/Src/stm32f7xx_hal_rcc_ex.o" --specs=nano.specs -mfpu=fpv5-d16 -mfloat-abi=hard -mthumb -o "Drivers/STM32F7xx_HAL_Driver/Src/stm32f7xx_hal_rcc_ex.o"
arm-none-eabi-gcc "../Drivers/STM32F7xx_HAL_Driver/Src/stm32f7xx_hal_uart.c" -mcpu=cortex-m7 -std=gnu11 -g3 -DDEBUG -DUSE_HAL_DRIVER -DSTM32F767xx -c -I../Core/Inc -I../Drivers/STM32F7xx_HAL_Driver/Inc -I../Drivers/STM32F7xx_HAL_Driver/Inc/Legacy -I../Drivers/CMSIS/Device/ST/STM32F7xx/Include -I../Drivers/CMSIS/Include -O0 -ffunction-sections -fdata-sections -Wall -fstack-usage -fcyclomatic-complexity -MMD -MP -MF"Drivers/STM32F7xx_HAL_Driver/Src/stm32f7xx_hal_uart.d" -MT"Drivers/STM32F7xx_HAL_Driver/Src/stm32f7xx_hal_uart.o" --specs=nano.specs -mfpu=fpv5-d16 -mfloat-abi=hard -mthumb -o "Drivers/STM32F7xx_HAL_Driver/Src/stm32f7xx_hal_uart.o"
arm-none-eabi-gcc "../Drivers/STM32F7xx_HAL_Driver/Src/stm32f7xx_hal_uart_ex.c" -mcpu=cortex-m7 -std=gnu11 -g3 -DDEBUG -DUSE_HAL_DRIVER -DSTM32F767xx -c -I../Core/Inc -I../Drivers/STM32F7xx_HAL_Driver/Inc -I../Drivers/STM32F7xx_HAL_Driver/Inc/Legacy -I../Drivers/CMSIS/Device/ST/STM32F7xx/Include -I../Drivers/CMSIS/Include -O0 -ffunction-sections -fdata-sections -Wall -fstack-usage -fcyclomatic-complexity -MMD -MP -MF"Drivers/STM32F7xx_HAL_Driver/Src/stm32f7xx_hal_uart_ex.d" -MT"Drivers/STM32F7xx_HAL_Driver/Src/stm32f7xx_hal_uart_ex.o" --specs=nano.specs -mfpu=fpv5-d16 -mfloat-abi=hard -mthumb -o "Drivers/STM32F7xx_HAL_Driver/Src/stm32f7xx_hal_uart_ex.o"
arm-none-eabi-gcc "../Core/Src/gpio.c" -mcpu=cortex-m7 -std=gnu11 -g3 -DDEBUG -DUSE_HAL_DRIVER -DSTM32F767xx -c -I../Core/Inc -I../Drivers/STM32F7xx_HAL_Driver/Inc -I../Drivers/STM32F7xx_HAL_Driver/Inc/Legacy -I../Drivers/CMSIS/Device/ST/STM32F7xx/Include -I../Drivers/CMSIS/Include -O0 -ffunction-sections -fdata-sections -Wall -fstack-usage -fcyclomatic-complexity -MMD -MP -MF"Core/Src/gpio.d" -MT"Core/Src/gpio.o" --specs=nano.specs -mfpu=fpv5-d16 -mfloat-abi=hard -mthumb -o "Core/Src/gpio.o"
arm-none-eabi-gcc "../Core/Src/main.c" -mcpu=cortex-m7 -std=gnu11 -g3 -DDEBUG -DUSE_HAL_DRIVER -DSTM32F767xx -c -I../Core/Inc -I../Drivers/STM32F7xx_HAL_Driver/Inc -I../Drivers/STM32F7xx_HAL_Driver/Inc/Legacy -I../Drivers/CMSIS/Device/ST/STM32F7xx/Include -I../Drivers/CMSIS/Include -O0 -ffunction-sections -fdata-sections -Wall -fstack-usage -fcyclomatic-complexity -MMD -MP -MF"Core/Src/main.d" -MT"Core/Src/main.o" --specs=nano.specs -mfpu=fpv5-d16 -mfloat-abi=hard -mthumb -o "Core/Src/main.o"
arm-none-eabi-gcc "../Core/Src/stm32f7xx_hal_msp.c" -mcpu=cortex-m7 -std=gnu11 -g3 -DDEBUG -DUSE_HAL_DRIVER -DSTM32F767xx -c -I../Core/Inc -I../Drivers/STM32F7xx_HAL_Driver/Inc -I../Drivers/STM32F7xx_HAL_Driver/Inc/Legacy -I../Drivers/CMSIS/Device/ST/STM32F7xx/Include -I../Drivers/CMSIS/Include -O0 -ffunction-sections -fdata-sections -Wall -fstack-usage -fcyclomatic-complexity -MMD -MP -MF"Core/Src/stm32f7xx_hal_msp.d" -MT"Core/Src/stm32f7xx_hal_msp.o" --specs=nano.specs -mfpu=fpv5-d16 -mfloat-abi=hard -mthumb -o "Core/Src/stm32f7xx_hal_msp.o"
arm-none-eabi-gcc "../Core/Src/stm32f7xx_it.c" -mcpu=cortex-m7 -std=gnu11 -g3 -DDEBUG -DUSE_HAL_DRIVER -DSTM32F767xx -c -I../Core/Inc -I../Drivers/STM32F7xx_HAL_Driver/Inc -I../Drivers/STM32F7xx_HAL_Driver/Inc/Legacy -I../Drivers/CMSIS/Device/ST/STM32F7xx/Include -I../Drivers/CMSIS/Include -O0 -ffunction-sections -fdata-sections -Wall -fstack-usage -fcyclomatic-complexity -MMD -MP -MF"Core/Src/stm32f7xx_it.d" -MT"Core/Src/stm32f7xx_it.o" --specs=nano.specs -mfpu=fpv5-d16 -mfloat-abi=hard -mthumb -o "Core/Src/stm32f7xx_it.o"
arm-none-eabi-gcc "../Core/Src/syscalls.c" -mcpu=cortex-m7 -std=gnu11 -g3 -DDEBUG -DUSE_HAL_DRIVER -DSTM32F767xx -c -I../Core/Inc -I../Drivers/STM32F7xx_HAL_Driver/Inc -I../Drivers/STM32F7xx_HAL_Driver/Inc/Legacy -I../Drivers/CMSIS/Device/ST/STM32F7xx/Include -I../Drivers/CMSIS/Include -O0 -ffunction-sections -fdata-sections -Wall -fstack-usage -fcyclomatic-complexity -MMD -MP -MF"Core/Src/syscalls.d" -MT"Core/Src/syscalls.o" --specs=nano.specs -mfpu=fpv5-d16 -mfloat-abi=hard -mthumb -o "Core/Src/syscalls.o"
arm-none-eabi-gcc "../Core/Src/sysmem.c" -mcpu=cortex-m7 -std=gnu11 -g3 -DDEBUG -DUSE_HAL_DRIVER -DSTM32F767xx -c -I../Core/Inc -I../Drivers/STM32F7xx_HAL_Driver/Inc -I../Drivers/STM32F7xx_HAL_Driver/Inc/Legacy -I../Drivers/CMSIS/Device/ST/STM32F7xx/Include -I../Drivers/CMSIS/Include -O0 -ffunction-sections -fdata-sections -Wall -fstack-usage -fcyclomatic-complexity -MMD -MP -MF"Core/Src/sysmem.d" -MT"Core/Src/sysmem.o" --specs=nano.specs -mfpu=fpv5-d16 -mfloat-abi=hard -mthumb -o "Core/Src/sysmem.o"
arm-none-eabi-gcc "../Core/Src/system_stm32f7xx.c" -mcpu=cortex-m7 -std=gnu11 -g3 -DDEBUG -DUSE_HAL_DRIVER -DSTM32F767xx -c -I../Core/Inc -I../Drivers/STM32F7xx_HAL_Driver/Inc -I../Drivers/STM32F7xx_HAL_Driver/Inc/Legacy -I../Drivers/CMSIS/Device/ST/STM32F7xx/Include -I../Drivers/CMSIS/Include -O0 -ffunction-sections -fdata-sections -Wall -fstack-usage -fcyclomatic-complexity -MMD -MP -MF"Core/Src/system_stm32f7xx.d" -MT"Core/Src/system_stm32f7xx.o" --specs=nano.specs -mfpu=fpv5-d16 -mfloat-abi=hard -mthumb -o "Core/Src/system_stm32f7xx.o"
arm-none-eabi-gcc "../Core/Src/usart.c" -mcpu=cortex-m7 -std=gnu11 -g3 -DDEBUG -DUSE_HAL_DRIVER -DSTM32F767xx -c -I../Core/Inc -I../Drivers/STM32F7xx_HAL_Driver/Inc -I../Drivers/STM32F7xx_HAL_Driver/Inc/Legacy -I../Drivers/CMSIS/Device/ST/STM32F7xx/Include -I../Drivers/CMSIS/Include -O0 -ffunction-sections -fdata-sections -Wall -fstack-usage -fcyclomatic-complexity -MMD -MP -MF"Core/Src/usart.d" -MT"Core/Src/usart.o" --specs=nano.specs -mfpu=fpv5-d16 -mfloat-abi=hard -mthumb -o "Core/Src/usart.o"
arm-none-eabi-gcc -o "Lab4.elf" @"objects.list"   -mcpu=cortex-m7 -T"E:\3rd_Year\MAD\Lab\Lab4\STM32F767ZITX_FLASH.ld" --specs=nosys.specs -Wl,-Map="Lab4.map" -Wl,--gc-sections -static --specs=nano.specs -mfpu=fpv5-d16 -mfloat-abi=hard -mthumb -Wl,--start-group -lc -lm -Wl,--end-group
Finished building target: Lab4.elf
 
arm-none-eabi-size  Lab4.elf 
arm-none-eabi-objdump -h -S Lab4.elf  > "Lab4.list"
   text	   data	    bss	    dec	    hex	filename
  12036	     12	   1708	  13756	   35bc	Lab4.elf
Finished building: default.size.stdout
 
Finished building: Lab4.list
 
14:22:44 **** Incremental Build of configuration Debug for project Lab4 ****
make -j16 all 
arm-none-eabi-size  Lab4.elf 
   text	   data	    bss	    dec	    hex	filename
  12036	     12	   1708	  13756	   35bc	Lab4.elf
Finished building: default.size.stdout
 
14:31:40 **** Incremental Build of configuration Debug for project Lab4 ****
make -j16 all 
arm-none-eabi-gcc "../Core/Src/main.c" -mcpu=cortex-m7 -std=gnu11 -g3 -DDEBUG -DUSE_HAL_DRIVER -DSTM32F767xx -c -I../Core/Inc -I../Drivers/STM32F7xx_HAL_Driver/Inc -I../Drivers/STM32F7xx_HAL_Driver/Inc/Legacy -I../Drivers/CMSIS/Device/ST/STM32F7xx/Include -I../Drivers/CMSIS/Include -O0 -ffunction-sections -fdata-sections -Wall -fstack-usage -fcyclomatic-complexity -MMD -MP -MF"Core/Src/main.d" -MT"Core/Src/main.o" --specs=nano.specs -mfpu=fpv5-d16 -mfloat-abi=hard -mthumb -o "Core/Src/main.o"
arm-none-eabi-gcc -o "Lab4.elf" @"objects.list"   -mcpu=cortex-m7 -T"E:\3rd_Year\MAD\Lab\Lab4\STM32F767ZITX_FLASH.ld" --specs=nosys.specs -Wl,-Map="Lab4.map" -Wl,--gc-sections -static --specs=nano.specs -mfpu=fpv5-d16 -mfloat-abi=hard -mthumb -Wl,--start-group -lc -lm -Wl,--end-group
Finished building target: Lab4.elf
 
arm-none-eabi-size  Lab4.elf 
arm-none-eabi-objdump -h -S Lab4.elf  > "Lab4.list"
   text	   data	    bss	    dec	    hex	filename
  12024	     12	   1708	  13744	   35b0	Lab4.elf
Finished building: default.size.stdout
 
Finished building: Lab4.list
 
14:35:16 **** Incremental Build of configuration Debug for project Lab4 ****
make -j16 all 
arm-none-eabi-gcc "../Core/Src/main.c" -mcpu=cortex-m7 -std=gnu11 -g3 -DDEBUG -DUSE_HAL_DRIVER -DSTM32F767xx -c -I../Core/Inc -I../Drivers/STM32F7xx_HAL_Driver/Inc -I../Drivers/STM32F7xx_HAL_Driver/Inc/Legacy -I../Drivers/CMSIS/Device/ST/STM32F7xx/Include -I../Drivers/CMSIS/Include -O0 -ffunction-sections -fdata-sections -Wall -fstack-usage -fcyclomatic-complexity -MMD -MP -MF"Core/Src/main.d" -MT"Core/Src/main.o" --specs=nano.specs -mfpu=fpv5-d16 -mfloat-abi=hard -mthumb -o "Core/Src/main.o"
arm-none-eabi-gcc -o "Lab4.elf" @"objects.list"   -mcpu=cortex-m7 -T"E:\3rd_Year\MAD\Lab\Lab4\STM32F767ZITX_FLASH.ld" --specs=nosys.specs -Wl,-Map="Lab4.map" -Wl,--gc-sections -static --specs=nano.specs -mfpu=fpv5-d16 -mfloat-abi=hard -mthumb -Wl,--start-group -lc -lm -Wl,--end-group
Finished building target: Lab4.elf
 
arm-none-eabi-size  Lab4.elf 
arm-none-eabi-objdump -h -S Lab4.elf  > "Lab4.list"
   text	   data	    bss	    dec	    hex	filename
  12036	     12	   1708	  13756	   35bc	Lab4.elf
Finished building: default.size.stdout
 
Finished building: Lab4.list
 
14:37:15 **** Incremental Build of configuration Debug for project Lab4 ****
make -j16 all 
arm-none-eabi-gcc "../Core/Src/main.c" -mcpu=cortex-m7 -std=gnu11 -g3 -DDEBUG -DUSE_HAL_DRIVER -DSTM32F767xx -c -I../Core/Inc -I../Drivers/STM32F7xx_HAL_Driver/Inc -I../Drivers/STM32F7xx_HAL_Driver/Inc/Legacy -I../Drivers/CMSIS/Device/ST/STM32F7xx/Include -I../Drivers/CMSIS/Include -O0 -ffunction-sections -fdata-sections -Wall -fstack-usage -fcyclomatic-complexity -MMD -MP -MF"Core/Src/main.d" -MT"Core/Src/main.o" --specs=nano.specs -mfpu=fpv5-d16 -mfloat-abi=hard -mthumb -o "Core/Src/main.o"
arm-none-eabi-gcc -o "Lab4.elf" @"objects.list"   -mcpu=cortex-m7 -T"E:\3rd_Year\MAD\Lab\Lab4\STM32F767ZITX_FLASH.ld" --specs=nosys.specs -Wl,-Map="Lab4.map" -Wl,--gc-sections -static --specs=nano.specs -mfpu=fpv5-d16 -mfloat-abi=hard -mthumb -Wl,--start-group -lc -lm -Wl,--end-group
Finished building target: Lab4.elf
 
arm-none-eabi-size  Lab4.elf 
arm-none-eabi-objdump -h -S Lab4.elf  > "Lab4.list"
   text	   data	    bss	    dec	    hex	filename
  12032	     12	   1708	  13752	   35b8	Lab4.elf
Finished building: default.size.stdout
 
Finished building: Lab4.list
 
14:41:45 **** Incremental Build of configuration Debug for project Lab4 ****
make -j16 all 
arm-none-eabi-gcc "../Drivers/STM32F7xx_HAL_Driver/Src/stm32f7xx_hal.c" -mcpu=cortex-m7 -std=gnu11 -g3 -DDEBUG -DUSE_HAL_DRIVER -DSTM32F767xx -c -I../Core/Inc -I../Drivers/STM32F7xx_HAL_Driver/Inc -I../Drivers/STM32F7xx_HAL_Driver/Inc/Legacy -I../Drivers/CMSIS/Device/ST/STM32F7xx/Include -I../Drivers/CMSIS/Include -O0 -ffunction-sections -fdata-sections -Wall -fstack-usage -fcyclomatic-complexity -MMD -MP -MF"Drivers/STM32F7xx_HAL_Driver/Src/stm32f7xx_hal.d" -MT"Drivers/STM32F7xx_HAL_Driver/Src/stm32f7xx_hal.o" --specs=nano.specs -mfpu=fpv5-d16 -mfloat-abi=hard -mthumb -o "Drivers/STM32F7xx_HAL_Driver/Src/stm32f7xx_hal.o"
arm-none-eabi-gcc "../Drivers/STM32F7xx_HAL_Driver/Src/stm32f7xx_hal_cortex.c" -mcpu=cortex-m7 -std=gnu11 -g3 -DDEBUG -DUSE_HAL_DRIVER -DSTM32F767xx -c -I../Core/Inc -I../Drivers/STM32F7xx_HAL_Driver/Inc -I../Drivers/STM32F7xx_HAL_Driver/Inc/Legacy -I../Drivers/CMSIS/Device/ST/STM32F7xx/Include -I../Drivers/CMSIS/Include -O0 -ffunction-sections -fdata-sections -Wall -fstack-usage -fcyclomatic-complexity -MMD -MP -MF"Drivers/STM32F7xx_HAL_Driver/Src/stm32f7xx_hal_cortex.d" -MT"Drivers/STM32F7xx_HAL_Driver/Src/stm32f7xx_hal_cortex.o" --specs=nano.specs -mfpu=fpv5-d16 -mfloat-abi=hard -mthumb -o "Drivers/STM32F7xx_HAL_Driver/Src/stm32f7xx_hal_cortex.o"
arm-none-eabi-gcc "../Drivers/STM32F7xx_HAL_Driver/Src/stm32f7xx_hal_dma.c" -mcpu=cortex-m7 -std=gnu11 -g3 -DDEBUG -DUSE_HAL_DRIVER -DSTM32F767xx -c -I../Core/Inc -I../Drivers/STM32F7xx_HAL_Driver/Inc -I../Drivers/STM32F7xx_HAL_Driver/Inc/Legacy -I../Drivers/CMSIS/Device/ST/STM32F7xx/Include -I../Drivers/CMSIS/Include -O0 -ffunction-sections -fdata-sections -Wall -fstack-usage -fcyclomatic-complexity -MMD -MP -MF"Drivers/STM32F7xx_HAL_Driver/Src/stm32f7xx_hal_dma.d" -MT"Drivers/STM32F7xx_HAL_Driver/Src/stm32f7xx_hal_dma.o" --specs=nano.specs -mfpu=fpv5-d16 -mfloat-abi=hard -mthumb -o "Drivers/STM32F7xx_HAL_Driver/Src/stm32f7xx_hal_dma.o"
arm-none-eabi-gcc "../Drivers/STM32F7xx_HAL_Driver/Src/stm32f7xx_hal_dma_ex.c" -mcpu=cortex-m7 -std=gnu11 -g3 -DDEBUG -DUSE_HAL_DRIVER -DSTM32F767xx -c -I../Core/Inc -I../Drivers/STM32F7xx_HAL_Driver/Inc -I../Drivers/STM32F7xx_HAL_Driver/Inc/Legacy -I../Drivers/CMSIS/Device/ST/STM32F7xx/Include -I../Drivers/CMSIS/Include -O0 -ffunction-sections -fdata-sections -Wall -fstack-usage -fcyclomatic-complexity -MMD -MP -MF"Drivers/STM32F7xx_HAL_Driver/Src/stm32f7xx_hal_dma_ex.d" -MT"Drivers/STM32F7xx_HAL_Driver/Src/stm32f7xx_hal_dma_ex.o" --specs=nano.specs -mfpu=fpv5-d16 -mfloat-abi=hard -mthumb -o "Drivers/STM32F7xx_HAL_Driver/Src/stm32f7xx_hal_dma_ex.o"
arm-none-eabi-gcc "../Drivers/STM32F7xx_HAL_Driver/Src/stm32f7xx_hal_exti.c" -mcpu=cortex-m7 -std=gnu11 -g3 -DDEBUG -DUSE_HAL_DRIVER -DSTM32F767xx -c -I../Core/Inc -I../Drivers/STM32F7xx_HAL_Driver/Inc -I../Drivers/STM32F7xx_HAL_Driver/Inc/Legacy -I../Drivers/CMSIS/Device/ST/STM32F7xx/Include -I../Drivers/CMSIS/Include -O0 -ffunction-sections -fdata-sections -Wall -fstack-usage -fcyclomatic-complexity -MMD -MP -MF"Drivers/STM32F7xx_HAL_Driver/Src/stm32f7xx_hal_exti.d" -MT"Drivers/STM32F7xx_HAL_Driver/Src/stm32f7xx_hal_exti.o" --specs=nano.specs -mfpu=fpv5-d16 -mfloat-abi=hard -mthumb -o "Drivers/STM32F7xx_HAL_Driver/Src/stm32f7xx_hal_exti.o"
arm-none-eabi-gcc "../Drivers/STM32F7xx_HAL_Driver/Src/stm32f7xx_hal_flash.c" -mcpu=cortex-m7 -std=gnu11 -g3 -DDEBUG -DUSE_HAL_DRIVER -DSTM32F767xx -c -I../Core/Inc -I../Drivers/STM32F7xx_HAL_Driver/Inc -I../Drivers/STM32F7xx_HAL_Driver/Inc/Legacy -I../Drivers/CMSIS/Device/ST/STM32F7xx/Include -I../Drivers/CMSIS/Include -O0 -ffunction-sections -fdata-sections -Wall -fstack-usage -fcyclomatic-complexity -MMD -MP -MF"Drivers/STM32F7xx_HAL_Driver/Src/stm32f7xx_hal_flash.d" -MT"Drivers/STM32F7xx_HAL_Driver/Src/stm32f7xx_hal_flash.o" --specs=nano.specs -mfpu=fpv5-d16 -mfloat-abi=hard -mthumb -o "Drivers/STM32F7xx_HAL_Driver/Src/stm32f7xx_hal_flash.o"
arm-none-eabi-gcc "../Drivers/STM32F7xx_HAL_Driver/Src/stm32f7xx_hal_flash_ex.c" -mcpu=cortex-m7 -std=gnu11 -g3 -DDEBUG -DUSE_HAL_DRIVER -DSTM32F767xx -c -I../Core/Inc -I../Drivers/STM32F7xx_HAL_Driver/Inc -I../Drivers/STM32F7xx_HAL_Driver/Inc/Legacy -I../Drivers/CMSIS/Device/ST/STM32F7xx/Include -I../Drivers/CMSIS/Include -O0 -ffunction-sections -fdata-sections -Wall -fstack-usage -fcyclomatic-complexity -MMD -MP -MF"Drivers/STM32F7xx_HAL_Driver/Src/stm32f7xx_hal_flash_ex.d" -MT"Drivers/STM32F7xx_HAL_Driver/Src/stm32f7xx_hal_flash_ex.o" --specs=nano.specs -mfpu=fpv5-d16 -mfloat-abi=hard -mthumb -o "Drivers/STM32F7xx_HAL_Driver/Src/stm32f7xx_hal_flash_ex.o"
arm-none-eabi-gcc "../Drivers/STM32F7xx_HAL_Driver/Src/stm32f7xx_hal_gpio.c" -mcpu=cortex-m7 -std=gnu11 -g3 -DDEBUG -DUSE_HAL_DRIVER -DSTM32F767xx -c -I../Core/Inc -I../Drivers/STM32F7xx_HAL_Driver/Inc -I../Drivers/STM32F7xx_HAL_Driver/Inc/Legacy -I../Drivers/CMSIS/Device/ST/STM32F7xx/Include -I../Drivers/CMSIS/Include -O0 -ffunction-sections -fdata-sections -Wall -fstack-usage -fcyclomatic-complexity -MMD -MP -MF"Drivers/STM32F7xx_HAL_Driver/Src/stm32f7xx_hal_gpio.d" -MT"Drivers/STM32F7xx_HAL_Driver/Src/stm32f7xx_hal_gpio.o" --specs=nano.specs -mfpu=fpv5-d16 -mfloat-abi=hard -mthumb -o "Drivers/STM32F7xx_HAL_Driver/Src/stm32f7xx_hal_gpio.o"
arm-none-eabi-gcc "../Drivers/STM32F7xx_HAL_Driver/Src/stm32f7xx_hal_i2c.c" -mcpu=cortex-m7 -std=gnu11 -g3 -DDEBUG -DUSE_HAL_DRIVER -DSTM32F767xx -c -I../Core/Inc -I../Drivers/STM32F7xx_HAL_Driver/Inc -I../Drivers/STM32F7xx_HAL_Driver/Inc/Legacy -I../Drivers/CMSIS/Device/ST/STM32F7xx/Include -I../Drivers/CMSIS/Include -O0 -ffunction-sections -fdata-sections -Wall -fstack-usage -fcyclomatic-complexity -MMD -MP -MF"Drivers/STM32F7xx_HAL_Driver/Src/stm32f7xx_hal_i2c.d" -MT"Drivers/STM32F7xx_HAL_Driver/Src/stm32f7xx_hal_i2c.o" --specs=nano.specs -mfpu=fpv5-d16 -mfloat-abi=hard -mthumb -o "Drivers/STM32F7xx_HAL_Driver/Src/stm32f7xx_hal_i2c.o"
arm-none-eabi-gcc "../Drivers/STM32F7xx_HAL_Driver/Src/stm32f7xx_hal_i2c_ex.c" -mcpu=cortex-m7 -std=gnu11 -g3 -DDEBUG -DUSE_HAL_DRIVER -DSTM32F767xx -c -I../Core/Inc -I../Drivers/STM32F7xx_HAL_Driver/Inc -I../Drivers/STM32F7xx_HAL_Driver/Inc/Legacy -I../Drivers/CMSIS/Device/ST/STM32F7xx/Include -I../Drivers/CMSIS/Include -O0 -ffunction-sections -fdata-sections -Wall -fstack-usage -fcyclomatic-complexity -MMD -MP -MF"Drivers/STM32F7xx_HAL_Driver/Src/stm32f7xx_hal_i2c_ex.d" -MT"Drivers/STM32F7xx_HAL_Driver/Src/stm32f7xx_hal_i2c_ex.o" --specs=nano.specs -mfpu=fpv5-d16 -mfloat-abi=hard -mthumb -o "Drivers/STM32F7xx_HAL_Driver/Src/stm32f7xx_hal_i2c_ex.o"
arm-none-eabi-gcc "../Drivers/STM32F7xx_HAL_Driver/Src/stm32f7xx_hal_pwr.c" -mcpu=cortex-m7 -std=gnu11 -g3 -DDEBUG -DUSE_HAL_DRIVER -DSTM32F767xx -c -I../Core/Inc -I../Drivers/STM32F7xx_HAL_Driver/Inc -I../Drivers/STM32F7xx_HAL_Driver/Inc/Legacy -I../Drivers/CMSIS/Device/ST/STM32F7xx/Include -I../Drivers/CMSIS/Include -O0 -ffunction-sections -fdata-sections -Wall -fstack-usage -fcyclomatic-complexity -MMD -MP -MF"Drivers/STM32F7xx_HAL_Driver/Src/stm32f7xx_hal_pwr.d" -MT"Drivers/STM32F7xx_HAL_Driver/Src/stm32f7xx_hal_pwr.o" --specs=nano.specs -mfpu=fpv5-d16 -mfloat-abi=hard -mthumb -o "Drivers/STM32F7xx_HAL_Driver/Src/stm32f7xx_hal_pwr.o"
arm-none-eabi-gcc "../Drivers/STM32F7xx_HAL_Driver/Src/stm32f7xx_hal_pwr_ex.c" -mcpu=cortex-m7 -std=gnu11 -g3 -DDEBUG -DUSE_HAL_DRIVER -DSTM32F767xx -c -I../Core/Inc -I../Drivers/STM32F7xx_HAL_Driver/Inc -I../Drivers/STM32F7xx_HAL_Driver/Inc/Legacy -I../Drivers/CMSIS/Device/ST/STM32F7xx/Include -I../Drivers/CMSIS/Include -O0 -ffunction-sections -fdata-sections -Wall -fstack-usage -fcyclomatic-complexity -MMD -MP -MF"Drivers/STM32F7xx_HAL_Driver/Src/stm32f7xx_hal_pwr_ex.d" -MT"Drivers/STM32F7xx_HAL_Driver/Src/stm32f7xx_hal_pwr_ex.o" --specs=nano.specs -mfpu=fpv5-d16 -mfloat-abi=hard -mthumb -o "Drivers/STM32F7xx_HAL_Driver/Src/stm32f7xx_hal_pwr_ex.o"
arm-none-eabi-gcc "../Drivers/STM32F7xx_HAL_Driver/Src/stm32f7xx_hal_rcc.c" -mcpu=cortex-m7 -std=gnu11 -g3 -DDEBUG -DUSE_HAL_DRIVER -DSTM32F767xx -c -I../Core/Inc -I../Drivers/STM32F7xx_HAL_Driver/Inc -I../Drivers/STM32F7xx_HAL_Driver/Inc/Legacy -I../Drivers/CMSIS/Device/ST/STM32F7xx/Include -I../Drivers/CMSIS/Include -O0 -ffunction-sections -fdata-sections -Wall -fstack-usage -fcyclomatic-complexity -MMD -MP -MF"Drivers/STM32F7xx_HAL_Driver/Src/stm32f7xx_hal_rcc.d" -MT"Drivers/STM32F7xx_HAL_Driver/Src/stm32f7xx_hal_rcc.o" --specs=nano.specs -mfpu=fpv5-d16 -mfloat-abi=hard -mthumb -o "Drivers/STM32F7xx_HAL_Driver/Src/stm32f7xx_hal_rcc.o"
arm-none-eabi-gcc "../Drivers/STM32F7xx_HAL_Driver/Src/stm32f7xx_hal_rcc_ex.c" -mcpu=cortex-m7 -std=gnu11 -g3 -DDEBUG -DUSE_HAL_DRIVER -DSTM32F767xx -c -I../Core/Inc -I../Drivers/STM32F7xx_HAL_Driver/Inc -I../Drivers/STM32F7xx_HAL_Driver/Inc/Legacy -I../Drivers/CMSIS/Device/ST/STM32F7xx/Include -I../Drivers/CMSIS/Include -O0 -ffunction-sections -fdata-sections -Wall -fstack-usage -fcyclomatic-complexity -MMD -MP -MF"Drivers/STM32F7xx_HAL_Driver/Src/stm32f7xx_hal_rcc_ex.d" -MT"Drivers/STM32F7xx_HAL_Driver/Src/stm32f7xx_hal_rcc_ex.o" --specs=nano.specs -mfpu=fpv5-d16 -mfloat-abi=hard -mthumb -o "Drivers/STM32F7xx_HAL_Driver/Src/stm32f7xx_hal_rcc_ex.o"
arm-none-eabi-gcc "../Drivers/STM32F7xx_HAL_Driver/Src/stm32f7xx_hal_uart.c" -mcpu=cortex-m7 -std=gnu11 -g3 -DDEBUG -DUSE_HAL_DRIVER -DSTM32F767xx -c -I../Core/Inc -I../Drivers/STM32F7xx_HAL_Driver/Inc -I../Drivers/STM32F7xx_HAL_Driver/Inc/Legacy -I../Drivers/CMSIS/Device/ST/STM32F7xx/Include -I../Drivers/CMSIS/Include -O0 -ffunction-sections -fdata-sections -Wall -fstack-usage -fcyclomatic-complexity -MMD -MP -MF"Drivers/STM32F7xx_HAL_Driver/Src/stm32f7xx_hal_uart.d" -MT"Drivers/STM32F7xx_HAL_Driver/Src/stm32f7xx_hal_uart.o" --specs=nano.specs -mfpu=fpv5-d16 -mfloat-abi=hard -mthumb -o "Drivers/STM32F7xx_HAL_Driver/Src/stm32f7xx_hal_uart.o"
arm-none-eabi-gcc "../Drivers/STM32F7xx_HAL_Driver/Src/stm32f7xx_hal_uart_ex.c" -mcpu=cortex-m7 -std=gnu11 -g3 -DDEBUG -DUSE_HAL_DRIVER -DSTM32F767xx -c -I../Core/Inc -I../Drivers/STM32F7xx_HAL_Driver/Inc -I../Drivers/STM32F7xx_HAL_Driver/Inc/Legacy -I../Drivers/CMSIS/Device/ST/STM32F7xx/Include -I../Drivers/CMSIS/Include -O0 -ffunction-sections -fdata-sections -Wall -fstack-usage -fcyclomatic-complexity -MMD -MP -MF"Drivers/STM32F7xx_HAL_Driver/Src/stm32f7xx_hal_uart_ex.d" -MT"Drivers/STM32F7xx_HAL_Driver/Src/stm32f7xx_hal_uart_ex.o" --specs=nano.specs -mfpu=fpv5-d16 -mfloat-abi=hard -mthumb -o "Drivers/STM32F7xx_HAL_Driver/Src/stm32f7xx_hal_uart_ex.o"
arm-none-eabi-gcc "../Core/Src/gpio.c" -mcpu=cortex-m7 -std=gnu11 -g3 -DDEBUG -DUSE_HAL_DRIVER -DSTM32F767xx -c -I../Core/Inc -I../Drivers/STM32F7xx_HAL_Driver/Inc -I../Drivers/STM32F7xx_HAL_Driver/Inc/Legacy -I../Drivers/CMSIS/Device/ST/STM32F7xx/Include -I../Drivers/CMSIS/Include -O0 -ffunction-sections -fdata-sections -Wall -fstack-usage -fcyclomatic-complexity -MMD -MP -MF"Core/Src/gpio.d" -MT"Core/Src/gpio.o" --specs=nano.specs -mfpu=fpv5-d16 -mfloat-abi=hard -mthumb -o "Core/Src/gpio.o"
arm-none-eabi-gcc "../Core/Src/main.c" -mcpu=cortex-m7 -std=gnu11 -g3 -DDEBUG -DUSE_HAL_DRIVER -DSTM32F767xx -c -I../Core/Inc -I../Drivers/STM32F7xx_HAL_Driver/Inc -I../Drivers/STM32F7xx_HAL_Driver/Inc/Legacy -I../Drivers/CMSIS/Device/ST/STM32F7xx/Include -I../Drivers/CMSIS/Include -O0 -ffunction-sections -fdata-sections -Wall -fstack-usage -fcyclomatic-complexity -MMD -MP -MF"Core/Src/main.d" -MT"Core/Src/main.o" --specs=nano.specs -mfpu=fpv5-d16 -mfloat-abi=hard -mthumb -o "Core/Src/main.o"
arm-none-eabi-gcc "../Core/Src/stm32f7xx_hal_msp.c" -mcpu=cortex-m7 -std=gnu11 -g3 -DDEBUG -DUSE_HAL_DRIVER -DSTM32F767xx -c -I../Core/Inc -I../Drivers/STM32F7xx_HAL_Driver/Inc -I../Drivers/STM32F7xx_HAL_Driver/Inc/Legacy -I../Drivers/CMSIS/Device/ST/STM32F7xx/Include -I../Drivers/CMSIS/Include -O0 -ffunction-sections -fdata-sections -Wall -fstack-usage -fcyclomatic-complexity -MMD -MP -MF"Core/Src/stm32f7xx_hal_msp.d" -MT"Core/Src/stm32f7xx_hal_msp.o" --specs=nano.specs -mfpu=fpv5-d16 -mfloat-abi=hard -mthumb -o "Core/Src/stm32f7xx_hal_msp.o"
arm-none-eabi-gcc "../Core/Src/stm32f7xx_it.c" -mcpu=cortex-m7 -std=gnu11 -g3 -DDEBUG -DUSE_HAL_DRIVER -DSTM32F767xx -c -I../Core/Inc -I../Drivers/STM32F7xx_HAL_Driver/Inc -I../Drivers/STM32F7xx_HAL_Driver/Inc/Legacy -I../Drivers/CMSIS/Device/ST/STM32F7xx/Include -I../Drivers/CMSIS/Include -O0 -ffunction-sections -fdata-sections -Wall -fstack-usage -fcyclomatic-complexity -MMD -MP -MF"Core/Src/stm32f7xx_it.d" -MT"Core/Src/stm32f7xx_it.o" --specs=nano.specs -mfpu=fpv5-d16 -mfloat-abi=hard -mthumb -o "Core/Src/stm32f7xx_it.o"
arm-none-eabi-gcc "../Core/Src/system_stm32f7xx.c" -mcpu=cortex-m7 -std=gnu11 -g3 -DDEBUG -DUSE_HAL_DRIVER -DSTM32F767xx -c -I../Core/Inc -I../Drivers/STM32F7xx_HAL_Driver/Inc -I../Drivers/STM32F7xx_HAL_Driver/Inc/Legacy -I../Drivers/CMSIS/Device/ST/STM32F7xx/Include -I../Drivers/CMSIS/Include -O0 -ffunction-sections -fdata-sections -Wall -fstack-usage -fcyclomatic-complexity -MMD -MP -MF"Core/Src/system_stm32f7xx.d" -MT"Core/Src/system_stm32f7xx.o" --specs=nano.specs -mfpu=fpv5-d16 -mfloat-abi=hard -mthumb -o "Core/Src/system_stm32f7xx.o"
arm-none-eabi-gcc "../Core/Src/usart.c" -mcpu=cortex-m7 -std=gnu11 -g3 -DDEBUG -DUSE_HAL_DRIVER -DSTM32F767xx -c -I../Core/Inc -I../Drivers/STM32F7xx_HAL_Driver/Inc -I../Drivers/STM32F7xx_HAL_Driver/Inc/Legacy -I../Drivers/CMSIS/Device/ST/STM32F7xx/Include -I../Drivers/CMSIS/Include -O0 -ffunction-sections -fdata-sections -Wall -fstack-usage -fcyclomatic-complexity -MMD -MP -MF"Core/Src/usart.d" -MT"Core/Src/usart.o" --specs=nano.specs -mfpu=fpv5-d16 -mfloat-abi=hard -mthumb -o "Core/Src/usart.o"
arm-none-eabi-gcc -o "Lab4.elf" @"objects.list"   -mcpu=cortex-m7 -T"E:\3rd_Year\MAD\Lab\Lab4\STM32F767ZITX_FLASH.ld" --specs=nosys.specs -Wl,-Map="Lab4.map" -Wl,--gc-sections -static --specs=nano.specs -mfpu=fpv5-d16 -mfloat-abi=hard -mthumb -Wl,--start-group -lc -lm -Wl,--end-group
Finished building target: Lab4.elf
 
arm-none-eabi-size  Lab4.elf 
arm-none-eabi-objdump -h -S Lab4.elf  > "Lab4.list"
   text	   data	    bss	    dec	    hex	filename
  12000	     12	   1708	  13720	   3598	Lab4.elf
Finished building: default.size.stdout
 
Finished building: Lab4.list
 
14:42:19 **** Incremental Build of configuration Debug for project Lab4 ****
make -j16 all 
arm-none-eabi-size  Lab4.elf 
   text	   data	    bss	    dec	    hex	filename
  12000	     12	   1708	  13720	   3598	Lab4.elf
Finished building: default.size.stdout
 
14:43:29 **** Incremental Build of configuration Debug for project Lab4 ****
make -j16 all 
arm-none-eabi-gcc "../Core/Src/main.c" -mcpu=cortex-m7 -std=gnu11 -g3 -DDEBUG -DUSE_HAL_DRIVER -DSTM32F767xx -c -I../Core/Inc -I../Drivers/STM32F7xx_HAL_Driver/Inc -I../Drivers/STM32F7xx_HAL_Driver/Inc/Legacy -I../Drivers/CMSIS/Device/ST/STM32F7xx/Include -I../Drivers/CMSIS/Include -O0 -ffunction-sections -fdata-sections -Wall -fstack-usage -fcyclomatic-complexity -MMD -MP -MF"Core/Src/main.d" -MT"Core/Src/main.o" --specs=nano.specs -mfpu=fpv5-d16 -mfloat-abi=hard -mthumb -o "Core/Src/main.o"
arm-none-eabi-gcc -o "Lab4.elf" @"objects.list"   -mcpu=cortex-m7 -T"E:\3rd_Year\MAD\Lab\Lab4\STM32F767ZITX_FLASH.ld" --specs=nosys.specs -Wl,-Map="Lab4.map" -Wl,--gc-sections -static --specs=nano.specs -mfpu=fpv5-d16 -mfloat-abi=hard -mthumb -Wl,--start-group -lc -lm -Wl,--end-group
Finished building target: Lab4.elf
 
arm-none-eabi-size  Lab4.elf 
arm-none-eabi-objdump -h -S Lab4.elf  > "Lab4.list"
   text	   data	    bss	    dec	    hex	filename
  12032	     12	   1708	  13752	   35b8	Lab4.elf
Finished building: default.size.stdout
 
Finished building: Lab4.list
 
14:47:38 **** Incremental Build of configuration Debug for project Lab4 ****
make -j16 all 
arm-none-eabi-gcc "../Core/Src/stm32f7xx_it.c" -mcpu=cortex-m7 -std=gnu11 -g3 -DDEBUG -DUSE_HAL_DRIVER -DSTM32F767xx -c -I../Core/Inc -I../Drivers/STM32F7xx_HAL_Driver/Inc -I../Drivers/STM32F7xx_HAL_Driver/Inc/Legacy -I../Drivers/CMSIS/Device/ST/STM32F7xx/Include -I../Drivers/CMSIS/Include -O0 -ffunction-sections -fdata-sections -Wall -fstack-usage -fcyclomatic-complexity -MMD -MP -MF"Core/Src/stm32f7xx_it.d" -MT"Core/Src/stm32f7xx_it.o" --specs=nano.specs -mfpu=fpv5-d16 -mfloat-abi=hard -mthumb -o "Core/Src/stm32f7xx_it.o"
arm-none-eabi-gcc -o "Lab4.elf" @"objects.list"   -mcpu=cortex-m7 -T"E:\3rd_Year\MAD\Lab\Lab4\STM32F767ZITX_FLASH.ld" --specs=nosys.specs -Wl,-Map="Lab4.map" -Wl,--gc-sections -static --specs=nano.specs -mfpu=fpv5-d16 -mfloat-abi=hard -mthumb -Wl,--start-group -lc -lm -Wl,--end-group
Finished building target: Lab4.elf
 
arm-none-eabi-size  Lab4.elf 
arm-none-eabi-objdump -h -S Lab4.elf  > "Lab4.list"
   text	   data	    bss	    dec	    hex	filename
  11968	     12	   1708	  13688	   3578	Lab4.elf
Finished building: default.size.stdout
 
Finished building: Lab4.list
 
14:49:42 **** Incremental Build of configuration Debug for project Lab4 ****
make -j16 all 
arm-none-eabi-gcc "../Core/Src/stm32f7xx_it.c" -mcpu=cortex-m7 -std=gnu11 -g3 -DDEBUG -DUSE_HAL_DRIVER -DSTM32F767xx -c -I../Core/Inc -I../Drivers/STM32F7xx_HAL_Driver/Inc -I../Drivers/STM32F7xx_HAL_Driver/Inc/Legacy -I../Drivers/CMSIS/Device/ST/STM32F7xx/Include -I../Drivers/CMSIS/Include -O0 -ffunction-sections -fdata-sections -Wall -fstack-usage -fcyclomatic-complexity -MMD -MP -MF"Core/Src/stm32f7xx_it.d" -MT"Core/Src/stm32f7xx_it.o" --specs=nano.specs -mfpu=fpv5-d16 -mfloat-abi=hard -mthumb -o "Core/Src/stm32f7xx_it.o"
arm-none-eabi-gcc -o "Lab4.elf" @"objects.list"   -mcpu=cortex-m7 -T"E:\3rd_Year\MAD\Lab\Lab4\STM32F767ZITX_FLASH.ld" --specs=nosys.specs -Wl,-Map="Lab4.map" -Wl,--gc-sections -static --specs=nano.specs -mfpu=fpv5-d16 -mfloat-abi=hard -mthumb -Wl,--start-group -lc -lm -Wl,--end-group
Finished building target: Lab4.elf
 
arm-none-eabi-size  Lab4.elf 
arm-none-eabi-objdump -h -S Lab4.elf  > "Lab4.list"
   text	   data	    bss	    dec	    hex	filename
  12032	     12	   1708	  13752	   35b8	Lab4.elf
Finished building: default.size.stdout
 
Finished building: Lab4.list
 
14:51:19 **** Incremental Build of configuration Debug for project Lab4 ****
make -j16 all 
arm-none-eabi-gcc "../Core/Src/gpio.c" -mcpu=cortex-m7 -std=gnu11 -g3 -DDEBUG -DUSE_HAL_DRIVER -DSTM32F767xx -c -I../Core/Inc -I../Drivers/STM32F7xx_HAL_Driver/Inc -I../Drivers/STM32F7xx_HAL_Driver/Inc/Legacy -I../Drivers/CMSIS/Device/ST/STM32F7xx/Include -I../Drivers/CMSIS/Include -O0 -ffunction-sections -fdata-sections -Wall -fstack-usage -fcyclomatic-complexity -MMD -MP -MF"Core/Src/gpio.d" -MT"Core/Src/gpio.o" --specs=nano.specs -mfpu=fpv5-d16 -mfloat-abi=hard -mthumb -o "Core/Src/gpio.o"
arm-none-eabi-gcc "../Core/Src/main.c" -mcpu=cortex-m7 -std=gnu11 -g3 -DDEBUG -DUSE_HAL_DRIVER -DSTM32F767xx -c -I../Core/Inc -I../Drivers/STM32F7xx_HAL_Driver/Inc -I../Drivers/STM32F7xx_HAL_Driver/Inc/Legacy -I../Drivers/CMSIS/Device/ST/STM32F7xx/Include -I../Drivers/CMSIS/Include -O0 -ffunction-sections -fdata-sections -Wall -fstack-usage -fcyclomatic-complexity -MMD -MP -MF"Core/Src/main.d" -MT"Core/Src/main.o" --specs=nano.specs -mfpu=fpv5-d16 -mfloat-abi=hard -mthumb -o "Core/Src/main.o"
arm-none-eabi-gcc -o "Lab4.elf" @"objects.list"   -mcpu=cortex-m7 -T"E:\3rd_Year\MAD\Lab\Lab4\STM32F767ZITX_FLASH.ld" --specs=nosys.specs -Wl,-Map="Lab4.map" -Wl,--gc-sections -static --specs=nano.specs -mfpu=fpv5-d16 -mfloat-abi=hard -mthumb -Wl,--start-group -lc -lm -Wl,--end-group
Finished building target: Lab4.elf
 
arm-none-eabi-size  Lab4.elf 
arm-none-eabi-objdump -h -S Lab4.elf  > "Lab4.list"
   text	   data	    bss	    dec	    hex	filename
  12036	     12	   1708	  13756	   35bc	Lab4.elf
Finished building: default.size.stdout
 
Finished building: Lab4.list
 
15:10:49 **** Incremental Build of configuration Debug for project Lab4 ****
make -j16 all 
arm-none-eabi-gcc "../Core/Src/main.c" -mcpu=cortex-m7 -std=gnu11 -g3 -DDEBUG -DUSE_HAL_DRIVER -DSTM32F767xx -c -I../Core/Inc -I../Drivers/STM32F7xx_HAL_Driver/Inc -I../Drivers/STM32F7xx_HAL_Driver/Inc/Legacy -I../Drivers/CMSIS/Device/ST/STM32F7xx/Include -I../Drivers/CMSIS/Include -O0 -ffunction-sections -fdata-sections -Wall -fstack-usage -fcyclomatic-complexity -MMD -MP -MF"Core/Src/main.d" -MT"Core/Src/main.o" --specs=nano.specs -mfpu=fpv5-d16 -mfloat-abi=hard -mthumb -o "Core/Src/main.o"
arm-none-eabi-gcc -o "Lab4.elf" @"objects.list"   -mcpu=cortex-m7 -T"E:\3rd_Year\MAD\Lab\Lab4\STM32F767ZITX_FLASH.ld" --specs=nosys.specs -Wl,-Map="Lab4.map" -Wl,--gc-sections -static --specs=nano.specs -mfpu=fpv5-d16 -mfloat-abi=hard -mthumb -Wl,--start-group -lc -lm -Wl,--end-group
Finished building target: Lab4.elf
 
arm-none-eabi-size  Lab4.elf 
arm-none-eabi-objdump -h -S Lab4.elf  > "Lab4.list"
   text	   data	    bss	    dec	    hex	filename
  12096	     12	   1708	  13816	   35f8	Lab4.elf
Finished building: default.size.stdout
 
Finished building: Lab4.list
 
15:14:46 **** Incremental Build of configuration Debug for project Lab4 ****
make -j16 all 
arm-none-eabi-gcc "../Core/Src/main.c" -mcpu=cortex-m7 -std=gnu11 -g3 -DDEBUG -DUSE_HAL_DRIVER -DSTM32F767xx -c -I../Core/Inc -I../Drivers/STM32F7xx_HAL_Driver/Inc -I../Drivers/STM32F7xx_HAL_Driver/Inc/Legacy -I../Drivers/CMSIS/Device/ST/STM32F7xx/Include -I../Drivers/CMSIS/Include -O0 -ffunction-sections -fdata-sections -Wall -fstack-usage -fcyclomatic-complexity -MMD -MP -MF"Core/Src/main.d" -MT"Core/Src/main.o" --specs=nano.specs -mfpu=fpv5-d16 -mfloat-abi=hard -mthumb -o "Core/Src/main.o"
arm-none-eabi-gcc "../Core/Src/stm32f7xx_it.c" -mcpu=cortex-m7 -std=gnu11 -g3 -DDEBUG -DUSE_HAL_DRIVER -DSTM32F767xx -c -I../Core/Inc -I../Drivers/STM32F7xx_HAL_Driver/Inc -I../Drivers/STM32F7xx_HAL_Driver/Inc/Legacy -I../Drivers/CMSIS/Device/ST/STM32F7xx/Include -I../Drivers/CMSIS/Include -O0 -ffunction-sections -fdata-sections -Wall -fstack-usage -fcyclomatic-complexity -MMD -MP -MF"Core/Src/stm32f7xx_it.d" -MT"Core/Src/stm32f7xx_it.o" --specs=nano.specs -mfpu=fpv5-d16 -mfloat-abi=hard -mthumb -o "Core/Src/stm32f7xx_it.o"
arm-none-eabi-gcc -o "Lab4.elf" @"objects.list"   -mcpu=cortex-m7 -T"E:\3rd_Year\MAD\Lab\Lab4\STM32F767ZITX_FLASH.ld" --specs=nosys.specs -Wl,-Map="Lab4.map" -Wl,--gc-sections -static --specs=nano.specs -mfpu=fpv5-d16 -mfloat-abi=hard -mthumb -Wl,--start-group -lc -lm -Wl,--end-group
Finished building target: Lab4.elf
 
arm-none-eabi-size  Lab4.elf 
arm-none-eabi-objdump -h -S Lab4.elf  > "Lab4.list"
   text	   data	    bss	    dec	    hex	filename
  11888	     12	   1708	  13608	   3528	Lab4.elf
Finished building: default.size.stdout
 
Finished building: Lab4.list
 
15:15:47 **** Incremental Build of configuration Debug for project Lab4 ****
make -j16 all 
arm-none-eabi-gcc "../Core/Src/stm32f7xx_it.c" -mcpu=cortex-m7 -std=gnu11 -g3 -DDEBUG -DUSE_HAL_DRIVER -DSTM32F767xx -c -I../Core/Inc -I../Drivers/STM32F7xx_HAL_Driver/Inc -I../Drivers/STM32F7xx_HAL_Driver/Inc/Legacy -I../Drivers/CMSIS/Device/ST/STM32F7xx/Include -I../Drivers/CMSIS/Include -O0 -ffunction-sections -fdata-sections -Wall -fstack-usage -fcyclomatic-complexity -MMD -MP -MF"Core/Src/stm32f7xx_it.d" -MT"Core/Src/stm32f7xx_it.o" --specs=nano.specs -mfpu=fpv5-d16 -mfloat-abi=hard -mthumb -o "Core/Src/stm32f7xx_it.o"
arm-none-eabi-gcc -o "Lab4.elf" @"objects.list"   -mcpu=cortex-m7 -T"E:\3rd_Year\MAD\Lab\Lab4\STM32F767ZITX_FLASH.ld" --specs=nosys.specs -Wl,-Map="Lab4.map" -Wl,--gc-sections -static --specs=nano.specs -mfpu=fpv5-d16 -mfloat-abi=hard -mthumb -Wl,--start-group -lc -lm -Wl,--end-group
Finished building target: Lab4.elf
 
arm-none-eabi-size  Lab4.elf 
arm-none-eabi-objdump -h -S Lab4.elf  > "Lab4.list"
   text	   data	    bss	    dec	    hex	filename
  12036	     12	   1708	  13756	   35bc	Lab4.elf
Finished building: default.size.stdout
 
Finished building: Lab4.list
 
15:16:50 **** Incremental Build of configuration Debug for project Lab4 ****
make -j16 all 
arm-none-eabi-gcc "../Core/Src/stm32f7xx_it.c" -mcpu=cortex-m7 -std=gnu11 -g3 -DDEBUG -DUSE_HAL_DRIVER -DSTM32F767xx -c -I../Core/Inc -I../Drivers/STM32F7xx_HAL_Driver/Inc -I../Drivers/STM32F7xx_HAL_Driver/Inc/Legacy -I../Drivers/CMSIS/Device/ST/STM32F7xx/Include -I../Drivers/CMSIS/Include -O0 -ffunction-sections -fdata-sections -Wall -fstack-usage -fcyclomatic-complexity -MMD -MP -MF"Core/Src/stm32f7xx_it.d" -MT"Core/Src/stm32f7xx_it.o" --specs=nano.specs -mfpu=fpv5-d16 -mfloat-abi=hard -mthumb -o "Core/Src/stm32f7xx_it.o"
arm-none-eabi-gcc -o "Lab4.elf" @"objects.list"   -mcpu=cortex-m7 -T"E:\3rd_Year\MAD\Lab\Lab4\STM32F767ZITX_FLASH.ld" --specs=nosys.specs -Wl,-Map="Lab4.map" -Wl,--gc-sections -static --specs=nano.specs -mfpu=fpv5-d16 -mfloat-abi=hard -mthumb -Wl,--start-group -lc -lm -Wl,--end-group
Finished building target: Lab4.elf
 
arm-none-eabi-size  Lab4.elf 
arm-none-eabi-objdump -h -S Lab4.elf  > "Lab4.list"
   text	   data	    bss	    dec	    hex	filename
  11972	     12	   1708	  13692	   357c	Lab4.elf
Finished building: default.size.stdout
 
Finished building: Lab4.list
 
15:27:18 **** Incremental Build of configuration Debug for project Lab4 ****
make -j16 all 
arm-none-eabi-gcc "../Core/Src/main.c" -mcpu=cortex-m7 -std=gnu11 -g3 -DDEBUG -DUSE_HAL_DRIVER -DSTM32F767xx -c -I../Core/Inc -I../Drivers/STM32F7xx_HAL_Driver/Inc -I../Drivers/STM32F7xx_HAL_Driver/Inc/Legacy -I../Drivers/CMSIS/Device/ST/STM32F7xx/Include -I../Drivers/CMSIS/Include -O0 -ffunction-sections -fdata-sections -Wall -fstack-usage -fcyclomatic-complexity -MMD -MP -MF"Core/Src/main.d" -MT"Core/Src/main.o" --specs=nano.specs -mfpu=fpv5-d16 -mfloat-abi=hard -mthumb -o "Core/Src/main.o"
arm-none-eabi-gcc "../Core/Src/stm32f7xx_it.c" -mcpu=cortex-m7 -std=gnu11 -g3 -DDEBUG -DUSE_HAL_DRIVER -DSTM32F767xx -c -I../Core/Inc -I../Drivers/STM32F7xx_HAL_Driver/Inc -I../Drivers/STM32F7xx_HAL_Driver/Inc/Legacy -I../Drivers/CMSIS/Device/ST/STM32F7xx/Include -I../Drivers/CMSIS/Include -O0 -ffunction-sections -fdata-sections -Wall -fstack-usage -fcyclomatic-complexity -MMD -MP -MF"Core/Src/stm32f7xx_it.d" -MT"Core/Src/stm32f7xx_it.o" --specs=nano.specs -mfpu=fpv5-d16 -mfloat-abi=hard -mthumb -o "Core/Src/stm32f7xx_it.o"
arm-none-eabi-gcc -o "Lab4.elf" @"objects.list"   -mcpu=cortex-m7 -T"E:\3rd_Year\MAD\Lab\Lab4\STM32F767ZITX_FLASH.ld" --specs=nosys.specs -Wl,-Map="Lab4.map" -Wl,--gc-sections -static --specs=nano.specs -mfpu=fpv5-d16 -mfloat-abi=hard -mthumb -Wl,--start-group -lc -lm -Wl,--end-group
Finished building target: Lab4.elf
 
arm-none-eabi-size  Lab4.elf 
arm-none-eabi-objdump -h -S Lab4.elf  > "Lab4.list"
   text	   data	    bss	    dec	    hex	filename
  12072	     12	   1708	  13792	   35e0	Lab4.elf
Finished building: default.size.stdout
 
Finished building: Lab4.list
 
15:47:58 **** Incremental Build of configuration Debug for project Lab4 ****
make -j16 all 
arm-none-eabi-gcc "../Core/Src/main.c" -mcpu=cortex-m7 -std=gnu11 -g3 -DDEBUG -DUSE_HAL_DRIVER -DSTM32F767xx -c -I../Core/Inc -I../Drivers/STM32F7xx_HAL_Driver/Inc -I../Drivers/STM32F7xx_HAL_Driver/Inc/Legacy -I../Drivers/CMSIS/Device/ST/STM32F7xx/Include -I../Drivers/CMSIS/Include -O0 -ffunction-sections -fdata-sections -Wall -fstack-usage -fcyclomatic-complexity -MMD -MP -MF"Core/Src/main.d" -MT"Core/Src/main.o" --specs=nano.specs -mfpu=fpv5-d16 -mfloat-abi=hard -mthumb -o "Core/Src/main.o"
arm-none-eabi-gcc "../Core/Src/stm32f7xx_it.c" -mcpu=cortex-m7 -std=gnu11 -g3 -DDEBUG -DUSE_HAL_DRIVER -DSTM32F767xx -c -I../Core/Inc -I../Drivers/STM32F7xx_HAL_Driver/Inc -I../Drivers/STM32F7xx_HAL_Driver/Inc/Legacy -I../Drivers/CMSIS/Device/ST/STM32F7xx/Include -I../Drivers/CMSIS/Include -O0 -ffunction-sections -fdata-sections -Wall -fstack-usage -fcyclomatic-complexity -MMD -MP -MF"Core/Src/stm32f7xx_it.d" -MT"Core/Src/stm32f7xx_it.o" --specs=nano.specs -mfpu=fpv5-d16 -mfloat-abi=hard -mthumb -o "Core/Src/stm32f7xx_it.o"
../Core/Src/main.c: In function 'HAL_GPIO_EXTI_Callback':
../Core/Src/main.c:176:36: error: 'GPIO_PIN14' undeclared (first use in this function); did you mean 'GPIO_PIN_4'?
  176 |         if(HAL_GPIO_ReadPin(GPIOB, GPIO_PIN14) == SET)
      |                                    ^~~~~~~~~~
      |                                    GPIO_PIN_4
../Core/Src/main.c:176:36: note: each undeclared identifier is reported only once for each function it appears in
make: *** [Core/Src/subdir.mk:40: Core/Src/main.o] Error 1
make: *** Waiting for unfinished jobs....
In file included from ../Drivers/CMSIS/Device/ST/STM32F7xx/Include/stm32f7xx.h:133,
                 from ../Drivers/STM32F7xx_HAL_Driver/Inc/stm32f7xx_hal_def.h:29,
                 from ../Drivers/STM32F7xx_HAL_Driver/Inc/stm32f7xx_hal_rcc.h:27,
                 from ../Core/Inc/stm32f7xx_hal_conf.h:271,
                 from ../Drivers/STM32F7xx_HAL_Driver/Inc/stm32f7xx_hal.h:29,
                 from ../Core/Inc/main.h:30,
                 from ../Core/Src/stm32f7xx_it.c:21:
../Core/Src/stm32f7xx_it.c: In function 'EXTI15_10_IRQHandler':
../Drivers/CMSIS/Device/ST/STM32F7xx/Include/stm32f767xx.h:1534:29: error: passing argument 1 of 'HAL_GPIO_EXTI_IRQHandler' makes integer from pointer without a cast [-Wint-conversion]
 1534 | #define GPIOA               ((GPIO_TypeDef *) GPIOA_BASE)
      |                             ^~~~~~~~~~~~~~~~~~~~~~~~~~~~~
      |                             |
      |                             GPIO_TypeDef *
../Core/Src/stm32f7xx_it.c:212:28: note: in expansion of macro 'GPIOA'
  212 |   HAL_GPIO_EXTI_IRQHandler(GPIOA,GPIO_PIN_0);
      |                            ^~~~~
In file included from ../Core/Inc/stm32f7xx_hal_conf.h:279:
../Drivers/STM32F7xx_HAL_Driver/Inc/stm32f7xx_hal_gpio.h:237:40: note: expected 'uint16_t' {aka 'short unsigned int'} but argument is of type 'GPIO_TypeDef *'
  237 | void HAL_GPIO_EXTI_IRQHandler(uint16_t GPIO_Pin);
      |                               ~~~~~~~~~^~~~~~~~
../Core/Src/stm32f7xx_it.c:212:3: error: too many arguments to function 'HAL_GPIO_EXTI_IRQHandler'
  212 |   HAL_GPIO_EXTI_IRQHandler(GPIOA,GPIO_PIN_0);
      |   ^~~~~~~~~~~~~~~~~~~~~~~~
../Drivers/STM32F7xx_HAL_Driver/Inc/stm32f7xx_hal_gpio.h:237:6: note: declared here
  237 | void HAL_GPIO_EXTI_IRQHandler(uint16_t GPIO_Pin);
      |      ^~~~~~~~~~~~~~~~~~~~~~~~
make: *** [Core/Src/subdir.mk:40: Core/Src/stm32f7xx_it.o] Error 1
"make -j16 all" terminated with exit code 2. Build might be incomplete.
15:48:07 **** Incremental Build of configuration Debug for project Lab4 ****
make -j16 all 
arm-none-eabi-gcc "../Core/Src/main.c" -mcpu=cortex-m7 -std=gnu11 -g3 -DDEBUG -DUSE_HAL_DRIVER -DSTM32F767xx -c -I../Core/Inc -I../Drivers/STM32F7xx_HAL_Driver/Inc -I../Drivers/STM32F7xx_HAL_Driver/Inc/Legacy -I../Drivers/CMSIS/Device/ST/STM32F7xx/Include -I../Drivers/CMSIS/Include -O0 -ffunction-sections -fdata-sections -Wall -fstack-usage -fcyclomatic-complexity -MMD -MP -MF"Core/Src/main.d" -MT"Core/Src/main.o" --specs=nano.specs -mfpu=fpv5-d16 -mfloat-abi=hard -mthumb -o "Core/Src/main.o"
arm-none-eabi-gcc "../Core/Src/stm32f7xx_it.c" -mcpu=cortex-m7 -std=gnu11 -g3 -DDEBUG -DUSE_HAL_DRIVER -DSTM32F767xx -c -I../Core/Inc -I../Drivers/STM32F7xx_HAL_Driver/Inc -I../Drivers/STM32F7xx_HAL_Driver/Inc/Legacy -I../Drivers/CMSIS/Device/ST/STM32F7xx/Include -I../Drivers/CMSIS/Include -O0 -ffunction-sections -fdata-sections -Wall -fstack-usage -fcyclomatic-complexity -MMD -MP -MF"Core/Src/stm32f7xx_it.d" -MT"Core/Src/stm32f7xx_it.o" --specs=nano.specs -mfpu=fpv5-d16 -mfloat-abi=hard -mthumb -o "Core/Src/stm32f7xx_it.o"
../Core/Src/main.c: In function 'HAL_GPIO_EXTI_Callback':
../Core/Src/main.c:176:36: error: 'GPIO_PIN14' undeclared (first use in this function); did you mean 'GPIO_PIN_4'?
  176 |         if(HAL_GPIO_ReadPin(GPIOB, GPIO_PIN14) == SET)
      |                                    ^~~~~~~~~~
      |                                    GPIO_PIN_4
../Core/Src/main.c:176:36: note: each undeclared identifier is reported only once for each function it appears in
../Core/Src/main.c: At top level:
../Core/Src/main.c:186:1: error: expected identifier or '(' before '}' token
  186 | }
      | ^
make: *** [Core/Src/subdir.mk:40: Core/Src/main.o] Error 1
make: *** Waiting for unfinished jobs....
In file included from ../Drivers/CMSIS/Device/ST/STM32F7xx/Include/stm32f7xx.h:133,
                 from ../Drivers/STM32F7xx_HAL_Driver/Inc/stm32f7xx_hal_def.h:29,
                 from ../Drivers/STM32F7xx_HAL_Driver/Inc/stm32f7xx_hal_rcc.h:27,
                 from ../Core/Inc/stm32f7xx_hal_conf.h:271,
                 from ../Drivers/STM32F7xx_HAL_Driver/Inc/stm32f7xx_hal.h:29,
                 from ../Core/Inc/main.h:30,
                 from ../Core/Src/stm32f7xx_it.c:21:
../Core/Src/stm32f7xx_it.c: In function 'EXTI15_10_IRQHandler':
../Drivers/CMSIS/Device/ST/STM32F7xx/Include/stm32f767xx.h:1534:29: error: passing argument 1 of 'HAL_GPIO_EXTI_IRQHandler' makes integer from pointer without a cast [-Wint-conversion]
 1534 | #define GPIOA               ((GPIO_TypeDef *) GPIOA_BASE)
      |                             ^~~~~~~~~~~~~~~~~~~~~~~~~~~~~
      |                             |
      |                             GPIO_TypeDef *
../Core/Src/stm32f7xx_it.c:212:28: note: in expansion of macro 'GPIOA'
  212 |   HAL_GPIO_EXTI_IRQHandler(GPIOA,GPIO_PIN_0);
      |                            ^~~~~
In file included from ../Core/Inc/stm32f7xx_hal_conf.h:279:
../Drivers/STM32F7xx_HAL_Driver/Inc/stm32f7xx_hal_gpio.h:237:40: note: expected 'uint16_t' {aka 'short unsigned int'} but argument is of type 'GPIO_TypeDef *'
  237 | void HAL_GPIO_EXTI_IRQHandler(uint16_t GPIO_Pin);
      |                               ~~~~~~~~~^~~~~~~~
../Core/Src/stm32f7xx_it.c:212:3: error: too many arguments to function 'HAL_GPIO_EXTI_IRQHandler'
  212 |   HAL_GPIO_EXTI_IRQHandler(GPIOA,GPIO_PIN_0);
      |   ^~~~~~~~~~~~~~~~~~~~~~~~
../Drivers/STM32F7xx_HAL_Driver/Inc/stm32f7xx_hal_gpio.h:237:6: note: declared here
  237 | void HAL_GPIO_EXTI_IRQHandler(uint16_t GPIO_Pin);
      |      ^~~~~~~~~~~~~~~~~~~~~~~~
make: *** [Core/Src/subdir.mk:40: Core/Src/stm32f7xx_it.o] Error 1
"make -j16 all" terminated with exit code 2. Build might be incomplete.
15:49:36 **** Incremental Build of configuration Debug for project Lab4 ****
make -j16 all 
arm-none-eabi-gcc "../Core/Src/main.c" -mcpu=cortex-m7 -std=gnu11 -g3 -DDEBUG -DUSE_HAL_DRIVER -DSTM32F767xx -c -I../Core/Inc -I../Drivers/STM32F7xx_HAL_Driver/Inc -I../Drivers/STM32F7xx_HAL_Driver/Inc/Legacy -I../Drivers/CMSIS/Device/ST/STM32F7xx/Include -I../Drivers/CMSIS/Include -O0 -ffunction-sections -fdata-sections -Wall -fstack-usage -fcyclomatic-complexity -MMD -MP -MF"Core/Src/main.d" -MT"Core/Src/main.o" --specs=nano.specs -mfpu=fpv5-d16 -mfloat-abi=hard -mthumb -o "Core/Src/main.o"
arm-none-eabi-gcc "../Core/Src/stm32f7xx_it.c" -mcpu=cortex-m7 -std=gnu11 -g3 -DDEBUG -DUSE_HAL_DRIVER -DSTM32F767xx -c -I../Core/Inc -I../Drivers/STM32F7xx_HAL_Driver/Inc -I../Drivers/STM32F7xx_HAL_Driver/Inc/Legacy -I../Drivers/CMSIS/Device/ST/STM32F7xx/Include -I../Drivers/CMSIS/Include -O0 -ffunction-sections -fdata-sections -Wall -fstack-usage -fcyclomatic-complexity -MMD -MP -MF"Core/Src/stm32f7xx_it.d" -MT"Core/Src/stm32f7xx_it.o" --specs=nano.specs -mfpu=fpv5-d16 -mfloat-abi=hard -mthumb -o "Core/Src/stm32f7xx_it.o"
../Core/Src/main.c: In function 'HAL_GPIO_EXTI_Callback':
../Core/Src/main.c:176:36: error: 'GPIO_PIN14' undeclared (first use in this function); did you mean 'GPIO_PIN_4'?
  176 |         if(HAL_GPIO_ReadPin(GPIOB, GPIO_PIN14) == SET)
      |                                    ^~~~~~~~~~
      |                                    GPIO_PIN_4
../Core/Src/main.c:176:36: note: each undeclared identifier is reported only once for each function it appears in
../Core/Src/main.c: At top level:
../Core/Src/main.c:186:1: error: expected identifier or '(' before '}' token
  186 | }
      | ^
make: *** [Core/Src/subdir.mk:40: Core/Src/main.o] Error 1
make: *** Waiting for unfinished jobs....
In file included from ../Drivers/CMSIS/Device/ST/STM32F7xx/Include/stm32f7xx.h:133,
                 from ../Drivers/STM32F7xx_HAL_Driver/Inc/stm32f7xx_hal_def.h:29,
                 from ../Drivers/STM32F7xx_HAL_Driver/Inc/stm32f7xx_hal_rcc.h:27,
                 from ../Core/Inc/stm32f7xx_hal_conf.h:271,
                 from ../Drivers/STM32F7xx_HAL_Driver/Inc/stm32f7xx_hal.h:29,
                 from ../Core/Inc/main.h:30,
                 from ../Core/Src/stm32f7xx_it.c:21:
../Core/Src/stm32f7xx_it.c: In function 'EXTI15_10_IRQHandler':
../Drivers/CMSIS/Device/ST/STM32F7xx/Include/stm32f767xx.h:1534:29: error: passing argument 1 of 'HAL_GPIO_EXTI_IRQHandler' makes integer from pointer without a cast [-Wint-conversion]
 1534 | #define GPIOA               ((GPIO_TypeDef *) GPIOA_BASE)
      |                             ^~~~~~~~~~~~~~~~~~~~~~~~~~~~~
      |                             |
      |                             GPIO_TypeDef *
../Core/Src/stm32f7xx_it.c:212:28: note: in expansion of macro 'GPIOA'
  212 |   HAL_GPIO_EXTI_IRQHandler(GPIOA,GPIO_PIN_0);
      |                            ^~~~~
In file included from ../Core/Inc/stm32f7xx_hal_conf.h:279:
../Drivers/STM32F7xx_HAL_Driver/Inc/stm32f7xx_hal_gpio.h:237:40: note: expected 'uint16_t' {aka 'short unsigned int'} but argument is of type 'GPIO_TypeDef *'
  237 | void HAL_GPIO_EXTI_IRQHandler(uint16_t GPIO_Pin);
      |                               ~~~~~~~~~^~~~~~~~
../Core/Src/stm32f7xx_it.c:212:3: error: too many arguments to function 'HAL_GPIO_EXTI_IRQHandler'
  212 |   HAL_GPIO_EXTI_IRQHandler(GPIOA,GPIO_PIN_0);
      |   ^~~~~~~~~~~~~~~~~~~~~~~~
../Drivers/STM32F7xx_HAL_Driver/Inc/stm32f7xx_hal_gpio.h:237:6: note: declared here
  237 | void HAL_GPIO_EXTI_IRQHandler(uint16_t GPIO_Pin);
      |      ^~~~~~~~~~~~~~~~~~~~~~~~
make: *** [Core/Src/subdir.mk:40: Core/Src/stm32f7xx_it.o] Error 1
"make -j16 all" terminated with exit code 2. Build might be incomplete.
15:50:49 **** Incremental Build of configuration Debug for project Lab4 ****
make -j16 all 
arm-none-eabi-gcc "../Core/Src/main.c" -mcpu=cortex-m7 -std=gnu11 -g3 -DDEBUG -DUSE_HAL_DRIVER -DSTM32F767xx -c -I../Core/Inc -I../Drivers/STM32F7xx_HAL_Driver/Inc -I../Drivers/STM32F7xx_HAL_Driver/Inc/Legacy -I../Drivers/CMSIS/Device/ST/STM32F7xx/Include -I../Drivers/CMSIS/Include -O0 -ffunction-sections -fdata-sections -Wall -fstack-usage -fcyclomatic-complexity -MMD -MP -MF"Core/Src/main.d" -MT"Core/Src/main.o" --specs=nano.specs -mfpu=fpv5-d16 -mfloat-abi=hard -mthumb -o "Core/Src/main.o"
arm-none-eabi-gcc "../Core/Src/stm32f7xx_it.c" -mcpu=cortex-m7 -std=gnu11 -g3 -DDEBUG -DUSE_HAL_DRIVER -DSTM32F767xx -c -I../Core/Inc -I../Drivers/STM32F7xx_HAL_Driver/Inc -I../Drivers/STM32F7xx_HAL_Driver/Inc/Legacy -I../Drivers/CMSIS/Device/ST/STM32F7xx/Include -I../Drivers/CMSIS/Include -O0 -ffunction-sections -fdata-sections -Wall -fstack-usage -fcyclomatic-complexity -MMD -MP -MF"Core/Src/stm32f7xx_it.d" -MT"Core/Src/stm32f7xx_it.o" --specs=nano.specs -mfpu=fpv5-d16 -mfloat-abi=hard -mthumb -o "Core/Src/stm32f7xx_it.o"
../Core/Src/main.c: In function 'HAL_GPIO_EXTI_Callback':
../Core/Src/main.c:176:49: warning: comparison between 'GPIO_PinState' and 'enum <anonymous>' [-Wenum-compare]
  176 |         if(HAL_GPIO_ReadPin(GPIOB, GPIO_PIN_14) == SET)
      |                                                 ^~
In file included from ../Drivers/CMSIS/Device/ST/STM32F7xx/Include/stm32f7xx.h:133,
                 from ../Drivers/STM32F7xx_HAL_Driver/Inc/stm32f7xx_hal_def.h:29,
                 from ../Drivers/STM32F7xx_HAL_Driver/Inc/stm32f7xx_hal_rcc.h:27,
                 from ../Core/Inc/stm32f7xx_hal_conf.h:271,
                 from ../Drivers/STM32F7xx_HAL_Driver/Inc/stm32f7xx_hal.h:29,
                 from ../Core/Inc/main.h:30,
                 from ../Core/Src/stm32f7xx_it.c:21:
../Core/Src/stm32f7xx_it.c: In function 'EXTI15_10_IRQHandler':
../Drivers/CMSIS/Device/ST/STM32F7xx/Include/stm32f767xx.h:1534:29: error: passing argument 1 of 'HAL_GPIO_EXTI_IRQHandler' makes integer from pointer without a cast [-Wint-conversion]
 1534 | #define GPIOA               ((GPIO_TypeDef *) GPIOA_BASE)
      |                             ^~~~~~~~~~~~~~~~~~~~~~~~~~~~~
      |                             |
      |                             GPIO_TypeDef *
../Core/Src/stm32f7xx_it.c:212:28: note: in expansion of macro 'GPIOA'
  212 |   HAL_GPIO_EXTI_IRQHandler(GPIOA,GPIO_PIN_0);
      |                            ^~~~~
In file included from ../Core/Inc/stm32f7xx_hal_conf.h:279:
../Drivers/STM32F7xx_HAL_Driver/Inc/stm32f7xx_hal_gpio.h:237:40: note: expected 'uint16_t' {aka 'short unsigned int'} but argument is of type 'GPIO_TypeDef *'
  237 | void HAL_GPIO_EXTI_IRQHandler(uint16_t GPIO_Pin);
      |                               ~~~~~~~~~^~~~~~~~
../Core/Src/stm32f7xx_it.c:212:3: error: too many arguments to function 'HAL_GPIO_EXTI_IRQHandler'
  212 |   HAL_GPIO_EXTI_IRQHandler(GPIOA,GPIO_PIN_0);
      |   ^~~~~~~~~~~~~~~~~~~~~~~~
../Drivers/STM32F7xx_HAL_Driver/Inc/stm32f7xx_hal_gpio.h:237:6: note: declared here
  237 | void HAL_GPIO_EXTI_IRQHandler(uint16_t GPIO_Pin);
      |      ^~~~~~~~~~~~~~~~~~~~~~~~
make: *** [Core/Src/subdir.mk:40: Core/Src/stm32f7xx_it.o] Error 1
make: *** Waiting for unfinished jobs....
"make -j16 all" terminated with exit code 2. Build might be incomplete.
15:50:56 **** Incremental Build of configuration Debug for project Lab3 ****
make -j16 all 
arm-none-eabi-size  Lab3.elf 
   text	   data	    bss	    dec	    hex	filename
  15616	     92	   2036	  17744	   4550	Lab3.elf
Finished building: default.size.stdout
 
15:50:56 **** Incremental Build of configuration Debug for project Lab4 ****
make -j16 all 
arm-none-eabi-gcc "../Core/Src/stm32f7xx_it.c" -mcpu=cortex-m7 -std=gnu11 -g3 -DDEBUG -DUSE_HAL_DRIVER -DSTM32F767xx -c -I../Core/Inc -I../Drivers/STM32F7xx_HAL_Driver/Inc -I../Drivers/STM32F7xx_HAL_Driver/Inc/Legacy -I../Drivers/CMSIS/Device/ST/STM32F7xx/Include -I../Drivers/CMSIS/Include -O0 -ffunction-sections -fdata-sections -Wall -fstack-usage -fcyclomatic-complexity -MMD -MP -MF"Core/Src/stm32f7xx_it.d" -MT"Core/Src/stm32f7xx_it.o" --specs=nano.specs -mfpu=fpv5-d16 -mfloat-abi=hard -mthumb -o "Core/Src/stm32f7xx_it.o"
In file included from ../Drivers/CMSIS/Device/ST/STM32F7xx/Include/stm32f7xx.h:133,
                 from ../Drivers/STM32F7xx_HAL_Driver/Inc/stm32f7xx_hal_def.h:29,
                 from ../Drivers/STM32F7xx_HAL_Driver/Inc/stm32f7xx_hal_rcc.h:27,
                 from ../Core/Inc/stm32f7xx_hal_conf.h:271,
                 from ../Drivers/STM32F7xx_HAL_Driver/Inc/stm32f7xx_hal.h:29,
                 from ../Core/Inc/main.h:30,
                 from ../Core/Src/stm32f7xx_it.c:21:
../Core/Src/stm32f7xx_it.c: In function 'EXTI15_10_IRQHandler':
../Drivers/CMSIS/Device/ST/STM32F7xx/Include/stm32f767xx.h:1534:29: error: passing argument 1 of 'HAL_GPIO_EXTI_IRQHandler' makes integer from pointer without a cast [-Wint-conversion]
 1534 | #define GPIOA               ((GPIO_TypeDef *) GPIOA_BASE)
      |                             ^~~~~~~~~~~~~~~~~~~~~~~~~~~~~
      |                             |
      |                             GPIO_TypeDef *
../Core/Src/stm32f7xx_it.c:212:28: note: in expansion of macro 'GPIOA'
  212 |   HAL_GPIO_EXTI_IRQHandler(GPIOA,GPIO_PIN_0);
      |                            ^~~~~
In file included from ../Core/Inc/stm32f7xx_hal_conf.h:279:
../Drivers/STM32F7xx_HAL_Driver/Inc/stm32f7xx_hal_gpio.h:237:40: note: expected 'uint16_t' {aka 'short unsigned int'} but argument is of type 'GPIO_TypeDef *'
  237 | void HAL_GPIO_EXTI_IRQHandler(uint16_t GPIO_Pin);
      |                               ~~~~~~~~~^~~~~~~~
../Core/Src/stm32f7xx_it.c:212:3: error: too many arguments to function 'HAL_GPIO_EXTI_IRQHandler'
  212 |   HAL_GPIO_EXTI_IRQHandler(GPIOA,GPIO_PIN_0);
      |   ^~~~~~~~~~~~~~~~~~~~~~~~
../Drivers/STM32F7xx_HAL_Driver/Inc/stm32f7xx_hal_gpio.h:237:6: note: declared here
  237 | void HAL_GPIO_EXTI_IRQHandler(uint16_t GPIO_Pin);
      |      ^~~~~~~~~~~~~~~~~~~~~~~~
make: *** [Core/Src/subdir.mk:40: Core/Src/stm32f7xx_it.o] Error 1
"make -j16 all" terminated with exit code 2. Build might be incomplete.
15:51:12 **** Incremental Build of configuration Debug for project Lab3 ****
make -j16 all 
arm-none-eabi-size  Lab3.elf 
   text	   data	    bss	    dec	    hex	filename
  15616	     92	   2036	  17744	   4550	Lab3.elf
Finished building: default.size.stdout
 
15:51:12 **** Incremental Build of configuration Debug for project Lab4 ****
make -j16 all 
arm-none-eabi-gcc "../Core/Src/stm32f7xx_it.c" -mcpu=cortex-m7 -std=gnu11 -g3 -DDEBUG -DUSE_HAL_DRIVER -DSTM32F767xx -c -I../Core/Inc -I../Drivers/STM32F7xx_HAL_Driver/Inc -I../Drivers/STM32F7xx_HAL_Driver/Inc/Legacy -I../Drivers/CMSIS/Device/ST/STM32F7xx/Include -I../Drivers/CMSIS/Include -O0 -ffunction-sections -fdata-sections -Wall -fstack-usage -fcyclomatic-complexity -MMD -MP -MF"Core/Src/stm32f7xx_it.d" -MT"Core/Src/stm32f7xx_it.o" --specs=nano.specs -mfpu=fpv5-d16 -mfloat-abi=hard -mthumb -o "Core/Src/stm32f7xx_it.o"
In file included from ../Drivers/CMSIS/Device/ST/STM32F7xx/Include/stm32f7xx.h:133,
                 from ../Drivers/STM32F7xx_HAL_Driver/Inc/stm32f7xx_hal_def.h:29,
                 from ../Drivers/STM32F7xx_HAL_Driver/Inc/stm32f7xx_hal_rcc.h:27,
                 from ../Core/Inc/stm32f7xx_hal_conf.h:271,
                 from ../Drivers/STM32F7xx_HAL_Driver/Inc/stm32f7xx_hal.h:29,
                 from ../Core/Inc/main.h:30,
                 from ../Core/Src/stm32f7xx_it.c:21:
../Core/Src/stm32f7xx_it.c: In function 'EXTI15_10_IRQHandler':
../Drivers/CMSIS/Device/ST/STM32F7xx/Include/stm32f767xx.h:1534:29: error: passing argument 1 of 'HAL_GPIO_EXTI_IRQHandler' makes integer from pointer without a cast [-Wint-conversion]
 1534 | #define GPIOA               ((GPIO_TypeDef *) GPIOA_BASE)
      |                             ^~~~~~~~~~~~~~~~~~~~~~~~~~~~~
      |                             |
      |                             GPIO_TypeDef *
../Core/Src/stm32f7xx_it.c:212:28: note: in expansion of macro 'GPIOA'
  212 |   HAL_GPIO_EXTI_IRQHandler(GPIOA,GPIO_PIN_0);
      |                            ^~~~~
In file included from ../Core/Inc/stm32f7xx_hal_conf.h:279:
../Drivers/STM32F7xx_HAL_Driver/Inc/stm32f7xx_hal_gpio.h:237:40: note: expected 'uint16_t' {aka 'short unsigned int'} but argument is of type 'GPIO_TypeDef *'
  237 | void HAL_GPIO_EXTI_IRQHandler(uint16_t GPIO_Pin);
      |                               ~~~~~~~~~^~~~~~~~
../Core/Src/stm32f7xx_it.c:212:3: error: too many arguments to function 'HAL_GPIO_EXTI_IRQHandler'
  212 |   HAL_GPIO_EXTI_IRQHandler(GPIOA,GPIO_PIN_0);
      |   ^~~~~~~~~~~~~~~~~~~~~~~~
../Drivers/STM32F7xx_HAL_Driver/Inc/stm32f7xx_hal_gpio.h:237:6: note: declared here
  237 | void HAL_GPIO_EXTI_IRQHandler(uint16_t GPIO_Pin);
      |      ^~~~~~~~~~~~~~~~~~~~~~~~
make: *** [Core/Src/subdir.mk:40: Core/Src/stm32f7xx_it.o] Error 1
"make -j16 all" terminated with exit code 2. Build might be incomplete.
15:55:09 **** Incremental Build of configuration Debug for project Lab4 ****
make -j16 all 
arm-none-eabi-gcc "../Core/Src/stm32f7xx_it.c" -mcpu=cortex-m7 -std=gnu11 -g3 -DDEBUG -DUSE_HAL_DRIVER -DSTM32F767xx -c -I../Core/Inc -I../Drivers/STM32F7xx_HAL_Driver/Inc -I../Drivers/STM32F7xx_HAL_Driver/Inc/Legacy -I../Drivers/CMSIS/Device/ST/STM32F7xx/Include -I../Drivers/CMSIS/Include -O0 -ffunction-sections -fdata-sections -Wall -fstack-usage -fcyclomatic-complexity -MMD -MP -MF"Core/Src/stm32f7xx_it.d" -MT"Core/Src/stm32f7xx_it.o" --specs=nano.specs -mfpu=fpv5-d16 -mfloat-abi=hard -mthumb -o "Core/Src/stm32f7xx_it.o"
arm-none-eabi-gcc -o "Lab4.elf" @"objects.list"   -mcpu=cortex-m7 -T"E:\3rd_Year\MAD\Lab\Lab4\STM32F767ZITX_FLASH.ld" --specs=nosys.specs -Wl,-Map="Lab4.map" -Wl,--gc-sections -static --specs=nano.specs -mfpu=fpv5-d16 -mfloat-abi=hard -mthumb -Wl,--start-group -lc -lm -Wl,--end-group
Finished building target: Lab4.elf
 
arm-none-eabi-size  Lab4.elf 
arm-none-eabi-objdump -h -S Lab4.elf  > "Lab4.list"
   text	   data	    bss	    dec	    hex	filename
  12188	     12	   1708	  13908	   3654	Lab4.elf
Finished building: default.size.stdout
 
Finished building: Lab4.list
 
15:55:20 **** Incremental Build of configuration Debug for project Lab4 ****
make -j16 all 
arm-none-eabi-size  Lab4.elf 
   text	   data	    bss	    dec	    hex	filename
  12188	     12	   1708	  13908	   3654	Lab4.elf
Finished building: default.size.stdout
 
15:56:26 **** Incremental Build of configuration Debug for project Lab4 ****
make -j16 all 
arm-none-eabi-gcc "../Core/Src/main.c" -mcpu=cortex-m7 -std=gnu11 -g3 -DDEBUG -DUSE_HAL_DRIVER -DSTM32F767xx -c -I../Core/Inc -I../Drivers/STM32F7xx_HAL_Driver/Inc -I../Drivers/STM32F7xx_HAL_Driver/Inc/Legacy -I../Drivers/CMSIS/Device/ST/STM32F7xx/Include -I../Drivers/CMSIS/Include -O0 -ffunction-sections -fdata-sections -Wall -fstack-usage -fcyclomatic-complexity -MMD -MP -MF"Core/Src/main.d" -MT"Core/Src/main.o" --specs=nano.specs -mfpu=fpv5-d16 -mfloat-abi=hard -mthumb -o "Core/Src/main.o"
../Core/Src/main.c: In function 'HAL_GPIO_EXTI_Callback':
../Core/Src/main.c:177:49: warning: comparison between 'GPIO_PinState' and 'enum <anonymous>' [-Wenum-compare]
  177 |         if(HAL_GPIO_ReadPin(GPIOB, GPIO_PIN_14) == SET)
      |                                                 ^~
arm-none-eabi-gcc -o "Lab4.elf" @"objects.list"   -mcpu=cortex-m7 -T"E:\3rd_Year\MAD\Lab\Lab4\STM32F767ZITX_FLASH.ld" --specs=nosys.specs -Wl,-Map="Lab4.map" -Wl,--gc-sections -static --specs=nano.specs -mfpu=fpv5-d16 -mfloat-abi=hard -mthumb -Wl,--start-group -lc -lm -Wl,--end-group
Finished building target: Lab4.elf
 
arm-none-eabi-size  Lab4.elf 
arm-none-eabi-objdump -h -S Lab4.elf  > "Lab4.list"
   text	   data	    bss	    dec	    hex	filename
  12188	     12	   1708	  13908	   3654	Lab4.elf
Finished building: default.size.stdout
 
Finished building: Lab4.list
 
15:57:40 **** Incremental Build of configuration Debug for project Lab4 ****
make -j16 all 
arm-none-eabi-gcc "../Core/Src/main.c" -mcpu=cortex-m7 -std=gnu11 -g3 -DDEBUG -DUSE_HAL_DRIVER -DSTM32F767xx -c -I../Core/Inc -I../Drivers/STM32F7xx_HAL_Driver/Inc -I../Drivers/STM32F7xx_HAL_Driver/Inc/Legacy -I../Drivers/CMSIS/Device/ST/STM32F7xx/Include -I../Drivers/CMSIS/Include -O0 -ffunction-sections -fdata-sections -Wall -fstack-usage -fcyclomatic-complexity -MMD -MP -MF"Core/Src/main.d" -MT"Core/Src/main.o" --specs=nano.specs -mfpu=fpv5-d16 -mfloat-abi=hard -mthumb -o "Core/Src/main.o"
arm-none-eabi-gcc -o "Lab4.elf" @"objects.list"   -mcpu=cortex-m7 -T"E:\3rd_Year\MAD\Lab\Lab4\STM32F767ZITX_FLASH.ld" --specs=nosys.specs -Wl,-Map="Lab4.map" -Wl,--gc-sections -static --specs=nano.specs -mfpu=fpv5-d16 -mfloat-abi=hard -mthumb -Wl,--start-group -lc -lm -Wl,--end-group
Finished building target: Lab4.elf
 
arm-none-eabi-size  Lab4.elf 
arm-none-eabi-objdump -h -S Lab4.elf  > "Lab4.list"
   text	   data	    bss	    dec	    hex	filename
  12108	     12	   1708	  13828	   3604	Lab4.elf
Finished building: default.size.stdout
 
Finished building: Lab4.list
 
15:58:20 **** Incremental Build of configuration Debug for project Lab4 ****
make -j16 all 
arm-none-eabi-gcc "../Core/Src/main.c" -mcpu=cortex-m7 -std=gnu11 -g3 -DDEBUG -DUSE_HAL_DRIVER -DSTM32F767xx -c -I../Core/Inc -I../Drivers/STM32F7xx_HAL_Driver/Inc -I../Drivers/STM32F7xx_HAL_Driver/Inc/Legacy -I../Drivers/CMSIS/Device/ST/STM32F7xx/Include -I../Drivers/CMSIS/Include -O0 -ffunction-sections -fdata-sections -Wall -fstack-usage -fcyclomatic-complexity -MMD -MP -MF"Core/Src/main.d" -MT"Core/Src/main.o" --specs=nano.specs -mfpu=fpv5-d16 -mfloat-abi=hard -mthumb -o "Core/Src/main.o"
arm-none-eabi-gcc -o "Lab4.elf" @"objects.list"   -mcpu=cortex-m7 -T"E:\3rd_Year\MAD\Lab\Lab4\STM32F767ZITX_FLASH.ld" --specs=nosys.specs -Wl,-Map="Lab4.map" -Wl,--gc-sections -static --specs=nano.specs -mfpu=fpv5-d16 -mfloat-abi=hard -mthumb -Wl,--start-group -lc -lm -Wl,--end-group
Finished building target: Lab4.elf
 
arm-none-eabi-size  Lab4.elf 
arm-none-eabi-objdump -h -S Lab4.elf  > "Lab4.list"
   text	   data	    bss	    dec	    hex	filename
  12152	     12	   1708	  13872	   3630	Lab4.elf
Finished building: default.size.stdout
 
Finished building: Lab4.list
 
16:07:54 **** Incremental Build of configuration Debug for project Lab4 ****
make -j16 all 
arm-none-eabi-gcc "../Core/Src/gpio.c" -mcpu=cortex-m7 -std=gnu11 -g3 -DDEBUG -DUSE_HAL_DRIVER -DSTM32F767xx -c -I../Core/Inc -I../Drivers/STM32F7xx_HAL_Driver/Inc -I../Drivers/STM32F7xx_HAL_Driver/Inc/Legacy -I../Drivers/CMSIS/Device/ST/STM32F7xx/Include -I../Drivers/CMSIS/Include -O0 -ffunction-sections -fdata-sections -Wall -fstack-usage -fcyclomatic-complexity -MMD -MP -MF"Core/Src/gpio.d" -MT"Core/Src/gpio.o" --specs=nano.specs -mfpu=fpv5-d16 -mfloat-abi=hard -mthumb -o "Core/Src/gpio.o"
arm-none-eabi-gcc "../Core/Src/stm32f7xx_hal_msp.c" -mcpu=cortex-m7 -std=gnu11 -g3 -DDEBUG -DUSE_HAL_DRIVER -DSTM32F767xx -c -I../Core/Inc -I../Drivers/STM32F7xx_HAL_Driver/Inc -I../Drivers/STM32F7xx_HAL_Driver/Inc/Legacy -I../Drivers/CMSIS/Device/ST/STM32F7xx/Include -I../Drivers/CMSIS/Include -O0 -ffunction-sections -fdata-sections -Wall -fstack-usage -fcyclomatic-complexity -MMD -MP -MF"Core/Src/stm32f7xx_hal_msp.d" -MT"Core/Src/stm32f7xx_hal_msp.o" --specs=nano.specs -mfpu=fpv5-d16 -mfloat-abi=hard -mthumb -o "Core/Src/stm32f7xx_hal_msp.o"
arm-none-eabi-gcc "../Core/Src/stm32f7xx_it.c" -mcpu=cortex-m7 -std=gnu11 -g3 -DDEBUG -DUSE_HAL_DRIVER -DSTM32F767xx -c -I../Core/Inc -I../Drivers/STM32F7xx_HAL_Driver/Inc -I../Drivers/STM32F7xx_HAL_Driver/Inc/Legacy -I../Drivers/CMSIS/Device/ST/STM32F7xx/Include -I../Drivers/CMSIS/Include -O0 -ffunction-sections -fdata-sections -Wall -fstack-usage -fcyclomatic-complexity -MMD -MP -MF"Core/Src/stm32f7xx_it.d" -MT"Core/Src/stm32f7xx_it.o" --specs=nano.specs -mfpu=fpv5-d16 -mfloat-abi=hard -mthumb -o "Core/Src/stm32f7xx_it.o"
arm-none-eabi-gcc -o "Lab4.elf" @"objects.list"   -mcpu=cortex-m7 -T"E:\3rd_Year\MAD\Lab\Lab4\STM32F767ZITX_FLASH.ld" --specs=nosys.specs -Wl,-Map="Lab4.map" -Wl,--gc-sections -static --specs=nano.specs -mfpu=fpv5-d16 -mfloat-abi=hard -mthumb -Wl,--start-group -lc -lm -Wl,--end-group
Finished building target: Lab4.elf
 
arm-none-eabi-size  Lab4.elf 
arm-none-eabi-objdump -h -S Lab4.elf  > "Lab4.list"
   text	   data	    bss	    dec	    hex	filename
  12184	     12	   1708	  13904	   3650	Lab4.elf
Finished building: default.size.stdout
 
Finished building: Lab4.list
 
16:12:43 **** Incremental Build of configuration Debug for project Lab4 ****
make -j16 all 
arm-none-eabi-gcc "../Core/Src/gpio.c" -mcpu=cortex-m7 -std=gnu11 -g3 -DDEBUG -DUSE_HAL_DRIVER -DSTM32F767xx -c -I../Core/Inc -I../Drivers/STM32F7xx_HAL_Driver/Inc -I../Drivers/STM32F7xx_HAL_Driver/Inc/Legacy -I../Drivers/CMSIS/Device/ST/STM32F7xx/Include -I../Drivers/CMSIS/Include -O0 -ffunction-sections -fdata-sections -Wall -fstack-usage -fcyclomatic-complexity -MMD -MP -MF"Core/Src/gpio.d" -MT"Core/Src/gpio.o" --specs=nano.specs -mfpu=fpv5-d16 -mfloat-abi=hard -mthumb -o "Core/Src/gpio.o"
arm-none-eabi-gcc "../Core/Src/stm32f7xx_it.c" -mcpu=cortex-m7 -std=gnu11 -g3 -DDEBUG -DUSE_HAL_DRIVER -DSTM32F767xx -c -I../Core/Inc -I../Drivers/STM32F7xx_HAL_Driver/Inc -I../Drivers/STM32F7xx_HAL_Driver/Inc/Legacy -I../Drivers/CMSIS/Device/ST/STM32F7xx/Include -I../Drivers/CMSIS/Include -O0 -ffunction-sections -fdata-sections -Wall -fstack-usage -fcyclomatic-complexity -MMD -MP -MF"Core/Src/stm32f7xx_it.d" -MT"Core/Src/stm32f7xx_it.o" --specs=nano.specs -mfpu=fpv5-d16 -mfloat-abi=hard -mthumb -o "Core/Src/stm32f7xx_it.o"
../Core/Src/stm32f7xx_it.c:230:6: error: redefinition of 'EXTI0_IRQHandler'
  230 | void EXTI0_IRQHandler(void)
      |      ^~~~~~~~~~~~~~~~
../Core/Src/stm32f7xx_it.c:204:6: note: previous definition of 'EXTI0_IRQHandler' with type 'void(void)'
  204 | void EXTI0_IRQHandler(void)
      |      ^~~~~~~~~~~~~~~~
make: *** [Core/Src/subdir.mk:40: Core/Src/stm32f7xx_it.o] Error 1
make: *** Waiting for unfinished jobs....
"make -j16 all" terminated with exit code 2. Build might be incomplete.
16:13:09 **** Incremental Build of configuration Debug for project Lab4 ****
make -j16 all 
arm-none-eabi-gcc "../Core/Src/stm32f7xx_it.c" -mcpu=cortex-m7 -std=gnu11 -g3 -DDEBUG -DUSE_HAL_DRIVER -DSTM32F767xx -c -I../Core/Inc -I../Drivers/STM32F7xx_HAL_Driver/Inc -I../Drivers/STM32F7xx_HAL_Driver/Inc/Legacy -I../Drivers/CMSIS/Device/ST/STM32F7xx/Include -I../Drivers/CMSIS/Include -O0 -ffunction-sections -fdata-sections -Wall -fstack-usage -fcyclomatic-complexity -MMD -MP -MF"Core/Src/stm32f7xx_it.d" -MT"Core/Src/stm32f7xx_it.o" --specs=nano.specs -mfpu=fpv5-d16 -mfloat-abi=hard -mthumb -o "Core/Src/stm32f7xx_it.o"
arm-none-eabi-gcc -o "Lab4.elf" @"objects.list"   -mcpu=cortex-m7 -T"E:\3rd_Year\MAD\Lab\Lab4\STM32F767ZITX_FLASH.ld" --specs=nosys.specs -Wl,-Map="Lab4.map" -Wl,--gc-sections -static --specs=nano.specs -mfpu=fpv5-d16 -mfloat-abi=hard -mthumb -Wl,--start-group -lc -lm -Wl,--end-group
Finished building target: Lab4.elf
 
arm-none-eabi-size  Lab4.elf 
arm-none-eabi-objdump -h -S Lab4.elf  > "Lab4.list"
   text	   data	    bss	    dec	    hex	filename
  12216	     12	   1708	  13936	   3670	Lab4.elf
Finished building: default.size.stdout
 
Finished building: Lab4.list
 
16:13:19 **** Incremental Build of configuration Debug for project Lab4 ****
make -j16 all 
arm-none-eabi-size  Lab4.elf 
   text	   data	    bss	    dec	    hex	filename
  12216	     12	   1708	  13936	   3670	Lab4.elf
Finished building: default.size.stdout
 
16:21:38 **** Incremental Build of configuration Debug for project Lab4 ****
make -j16 all 
arm-none-eabi-gcc "../Core/Src/main.c" -mcpu=cortex-m7 -std=gnu11 -g3 -DDEBUG -DUSE_HAL_DRIVER -DSTM32F767xx -c -I../Core/Inc -I../Drivers/STM32F7xx_HAL_Driver/Inc -I../Drivers/STM32F7xx_HAL_Driver/Inc/Legacy -I../Drivers/CMSIS/Device/ST/STM32F7xx/Include -I../Drivers/CMSIS/Include -O0 -ffunction-sections -fdata-sections -Wall -fstack-usage -fcyclomatic-complexity -MMD -MP -MF"Core/Src/main.d" -MT"Core/Src/main.o" --specs=nano.specs -mfpu=fpv5-d16 -mfloat-abi=hard -mthumb -o "Core/Src/main.o"
arm-none-eabi-gcc -o "Lab4.elf" @"objects.list"   -mcpu=cortex-m7 -T"E:\3rd_Year\MAD\Lab\Lab4\STM32F767ZITX_FLASH.ld" --specs=nosys.specs -Wl,-Map="Lab4.map" -Wl,--gc-sections -static --specs=nano.specs -mfpu=fpv5-d16 -mfloat-abi=hard -mthumb -Wl,--start-group -lc -lm -Wl,--end-group
Finished building target: Lab4.elf
 
arm-none-eabi-size  Lab4.elf 
arm-none-eabi-objdump -h -S Lab4.elf  > "Lab4.list"
   text	   data	    bss	    dec	    hex	filename
  12208	     12	   1708	  13928	   3668	Lab4.elf
Finished building: default.size.stdout
 
Finished building: Lab4.list
 
16:28:41 **** Incremental Build of configuration Debug for project Lab4 ****
make -j16 all 
arm-none-eabi-gcc "../Core/Src/gpio.c" -mcpu=cortex-m7 -std=gnu11 -g3 -DDEBUG -DUSE_HAL_DRIVER -DSTM32F767xx -c -I../Core/Inc -I../Drivers/STM32F7xx_HAL_Driver/Inc -I../Drivers/STM32F7xx_HAL_Driver/Inc/Legacy -I../Drivers/CMSIS/Device/ST/STM32F7xx/Include -I../Drivers/CMSIS/Include -O0 -ffunction-sections -fdata-sections -Wall -fstack-usage -fcyclomatic-complexity -MMD -MP -MF"Core/Src/gpio.d" -MT"Core/Src/gpio.o" --specs=nano.specs -mfpu=fpv5-d16 -mfloat-abi=hard -mthumb -o "Core/Src/gpio.o"
arm-none-eabi-gcc "../Core/Src/main.c" -mcpu=cortex-m7 -std=gnu11 -g3 -DDEBUG -DUSE_HAL_DRIVER -DSTM32F767xx -c -I../Core/Inc -I../Drivers/STM32F7xx_HAL_Driver/Inc -I../Drivers/STM32F7xx_HAL_Driver/Inc/Legacy -I../Drivers/CMSIS/Device/ST/STM32F7xx/Include -I../Drivers/CMSIS/Include -O0 -ffunction-sections -fdata-sections -Wall -fstack-usage -fcyclomatic-complexity -MMD -MP -MF"Core/Src/main.d" -MT"Core/Src/main.o" --specs=nano.specs -mfpu=fpv5-d16 -mfloat-abi=hard -mthumb -o "Core/Src/main.o"
arm-none-eabi-gcc -o "Lab4.elf" @"objects.list"   -mcpu=cortex-m7 -T"E:\3rd_Year\MAD\Lab\Lab4\STM32F767ZITX_FLASH.ld" --specs=nosys.specs -Wl,-Map="Lab4.map" -Wl,--gc-sections -static --specs=nano.specs -mfpu=fpv5-d16 -mfloat-abi=hard -mthumb -Wl,--start-group -lc -lm -Wl,--end-group
Finished building target: Lab4.elf
 
arm-none-eabi-size  Lab4.elf 
arm-none-eabi-objdump -h -S Lab4.elf  > "Lab4.list"
   text	   data	    bss	    dec	    hex	filename
  12232	     12	   1708	  13952	   3680	Lab4.elf
Finished building: default.size.stdout
 
Finished building: Lab4.list
 
16:29:17 **** Incremental Build of configuration Debug for project Lab4 ****
make -j16 all 
arm-none-eabi-gcc "../Core/Src/main.c" -mcpu=cortex-m7 -std=gnu11 -g3 -DDEBUG -DUSE_HAL_DRIVER -DSTM32F767xx -c -I../Core/Inc -I../Drivers/STM32F7xx_HAL_Driver/Inc -I../Drivers/STM32F7xx_HAL_Driver/Inc/Legacy -I../Drivers/CMSIS/Device/ST/STM32F7xx/Include -I../Drivers/CMSIS/Include -O0 -ffunction-sections -fdata-sections -Wall -fstack-usage -fcyclomatic-complexity -MMD -MP -MF"Core/Src/main.d" -MT"Core/Src/main.o" --specs=nano.specs -mfpu=fpv5-d16 -mfloat-abi=hard -mthumb -o "Core/Src/main.o"
arm-none-eabi-gcc -o "Lab4.elf" @"objects.list"   -mcpu=cortex-m7 -T"E:\3rd_Year\MAD\Lab\Lab4\STM32F767ZITX_FLASH.ld" --specs=nosys.specs -Wl,-Map="Lab4.map" -Wl,--gc-sections -static --specs=nano.specs -mfpu=fpv5-d16 -mfloat-abi=hard -mthumb -Wl,--start-group -lc -lm -Wl,--end-group
Finished building target: Lab4.elf
 
arm-none-eabi-size  Lab4.elf 
arm-none-eabi-objdump -h -S Lab4.elf  > "Lab4.list"
   text	   data	    bss	    dec	    hex	filename
  12232	     12	   1708	  13952	   3680	Lab4.elf
Finished building: default.size.stdout
 
Finished building: Lab4.list
 
16:31:57 **** Incremental Build of configuration Debug for project Lab4 ****
make -j16 all 
arm-none-eabi-gcc "../Core/Src/main.c" -mcpu=cortex-m7 -std=gnu11 -g3 -DDEBUG -DUSE_HAL_DRIVER -DSTM32F767xx -c -I../Core/Inc -I../Drivers/STM32F7xx_HAL_Driver/Inc -I../Drivers/STM32F7xx_HAL_Driver/Inc/Legacy -I../Drivers/CMSIS/Device/ST/STM32F7xx/Include -I../Drivers/CMSIS/Include -O0 -ffunction-sections -fdata-sections -Wall -fstack-usage -fcyclomatic-complexity -MMD -MP -MF"Core/Src/main.d" -MT"Core/Src/main.o" --specs=nano.specs -mfpu=fpv5-d16 -mfloat-abi=hard -mthumb -o "Core/Src/main.o"
arm-none-eabi-gcc -o "Lab4.elf" @"objects.list"   -mcpu=cortex-m7 -T"E:\3rd_Year\MAD\Lab\Lab4\STM32F767ZITX_FLASH.ld" --specs=nosys.specs -Wl,-Map="Lab4.map" -Wl,--gc-sections -static --specs=nano.specs -mfpu=fpv5-d16 -mfloat-abi=hard -mthumb -Wl,--start-group -lc -lm -Wl,--end-group
Finished building target: Lab4.elf
 
arm-none-eabi-size  Lab4.elf 
arm-none-eabi-objdump -h -S Lab4.elf  > "Lab4.list"
   text	   data	    bss	    dec	    hex	filename
  12264	     12	   1708	  13984	   36a0	Lab4.elf
Finished building: default.size.stdout
 
Finished building: Lab4.list
 
16:36:26 **** Incremental Build of configuration Debug for project Lab4 ****
make -j16 all 
arm-none-eabi-size  Lab4.elf 
   text	   data	    bss	    dec	    hex	filename
  12264	     12	   1708	  13984	   36a0	Lab4.elf
Finished building: default.size.stdout
 
16:46:38 **** Incremental Build of configuration Debug for project Lab4 ****
make -j16 all 
arm-none-eabi-gcc "../Core/Src/gpio.c" -mcpu=cortex-m7 -std=gnu11 -g3 -DDEBUG -DUSE_HAL_DRIVER -DSTM32F767xx -c -I../Core/Inc -I../Drivers/STM32F7xx_HAL_Driver/Inc -I../Drivers/STM32F7xx_HAL_Driver/Inc/Legacy -I../Drivers/CMSIS/Device/ST/STM32F7xx/Include -I../Drivers/CMSIS/Include -O0 -ffunction-sections -fdata-sections -Wall -fstack-usage -fcyclomatic-complexity -MMD -MP -MF"Core/Src/gpio.d" -MT"Core/Src/gpio.o" --specs=nano.specs -mfpu=fpv5-d16 -mfloat-abi=hard -mthumb -o "Core/Src/gpio.o"
arm-none-eabi-gcc -o "Lab4.elf" @"objects.list"   -mcpu=cortex-m7 -T"E:\3rd_Year\MAD\Lab\Lab4\STM32F767ZITX_FLASH.ld" --specs=nosys.specs -Wl,-Map="Lab4.map" -Wl,--gc-sections -static --specs=nano.specs -mfpu=fpv5-d16 -mfloat-abi=hard -mthumb -Wl,--start-group -lc -lm -Wl,--end-group
Finished building target: Lab4.elf
 
arm-none-eabi-size  Lab4.elf 
arm-none-eabi-objdump -h -S Lab4.elf  > "Lab4.list"
   text	   data	    bss	    dec	    hex	filename
  12264	     12	   1708	  13984	   36a0	Lab4.elf
Finished building: default.size.stdout
 
Finished building: Lab4.list
 
